{
	"credit": "Made with Blockbench, a free, modern block model editor by JannisX11",
	"textures": {
		"0": "items/rgbsheet1",
		"particle": "items/rgbsheet1"
	},
	"elements": [
		{
			"name": "stick2",
			"from": [7.5, 2.75, 7],
			"to": [8.5, 4.75, 9],
			"rotation": {"angle": 45, "axis": "y", "origin": [8, 1.75, 8]},
			"faces": {
				"north": {"uv": [10, 14, 11, 15], "texture": "#0"},
				"east": {"uv": [10, 14, 11, 15], "texture": "#0"},
				"south": {"uv": [10, 14, 11, 15], "texture": "#0"},
				"west": {"uv": [10, 14, 11, 15], "texture": "#0"},
				"up": {"uv": [10, 14, 11, 15], "texture": "#0"},
				"down": {"uv": [10, 14, 11, 15], "texture": "#0"}
			}
		},
		{
			"name": "stick2",
			"from": [7, 2.75, 7.5],
			"to": [9, 4.75, 8.5],
			"rotation": {"angle": 0, "axis": "y", "origin": [8, 1.75, 8]},
			"faces": {
				"north": {"uv": [10, 14, 11, 15], "texture": "#0", "rotation": 90},
				"east": {"uv": [10, 14, 11, 15], "texture": "#0", "rotation": 90},
				"south": {"uv": [10, 14, 11, 15], "texture": "#0", "rotation": 90},
				"west": {"uv": [10, 14, 11, 15], "texture": "#0", "rotation": 90},
				"up": {"uv": [10, 14, 11, 15], "texture": "#0", "rotation": 90},
				"down": {"uv": [10, 14, 11, 15], "texture": "#0", "rotation": 90}
			}
		},
		{
			"name": "stick2",
			"from": [7, 2.75, 7.5],
			"to": [9, 4.75, 8.5],
			"rotation": {"angle": 45, "axis": "y", "origin": [8, 1.75, 8]},
			"faces": {
				"north": {"uv": [10, 14, 11, 15], "texture": "#0", "rotation": 90},
				"east": {"uv": [10, 14, 11, 15], "texture": "#0", "rotation": 90},
				"south": {"uv": [10, 14, 11, 15], "texture": "#0", "rotation": 90},
				"west": {"uv": [10, 14, 11, 15], "texture": "#0", "rotation": 90},
				"up": {"uv": [10, 14, 11, 15], "texture": "#0", "rotation": 90},
				"down": {"uv": [10, 14, 11, 15], "texture": "#0", "rotation": 90}
			}
		},
		{
			"name": "stick2",
			"from": [7.5, 2.75, 7],
			"to": [8.5, 4.75, 9],
			"faces": {
				"north": {"uv": [10, 14, 11, 15], "texture": "#0"},
				"east": {"uv": [10, 14, 11, 15], "texture": "#0"},
				"south": {"uv": [10, 14, 11, 15], "texture": "#0"},
				"west": {"uv": [10, 14, 11, 15], "texture": "#0"},
				"up": {"uv": [10, 14, 11, 15], "texture": "#0"},
				"down": {"uv": [10, 14, 11, 15], "texture": "#0"}
			}
		},
		{
			"name": "stick3",
			"from": [7.75, 4.75, 7.25],
			"to": [8.25, 8, 8.75],
			"rotation": {"angle": 45, "axis": "y", "origin": [8, 3.75, 8]},
			"faces": {
				"north": {"uv": [10, 14, 11, 15], "texture": "#0"},
				"east": {"uv": [10, 14, 11, 15], "texture": "#0"},
				"south": {"uv": [10, 14, 11, 15], "texture": "#0"},
				"west": {"uv": [10, 14, 11, 15], "texture": "#0"},
				"up": {"uv": [10, 14, 11, 15], "texture": "#0"},
				"down": {"uv": [10, 14, 11, 15], "texture": "#0"}
			}
		},
		{
			"name": "stick3",
			"from": [7.75, 4.75, 7.25],
			"to": [8.25, 8, 8.75],
			"faces": {
				"north": {"uv": [10, 14, 11, 15], "texture": "#0"},
				"east": {"uv": [10, 14, 11, 15], "texture": "#0"},
				"south": {"uv": [10, 14, 11, 15], "texture": "#0"},
				"west": {"uv": [10, 14, 11, 15], "texture": "#0"},
				"up": {"uv": [10, 14, 11, 15], "texture": "#0"},
				"down": {"uv": [10, 14, 11, 15], "texture": "#0"}
			}
		},
		{
			"name": "stick3",
			"from": [7.25, 4.75, 7.75],
			"to": [8.75, 8, 8.25],
			"rotation": {"angle": 45, "axis": "y", "origin": [8, 3.75, 8]},
			"faces": {
				"north": {"uv": [10, 14, 11, 15], "texture": "#0", "rotation": 90},
				"east": {"uv": [10, 14, 11, 15], "texture": "#0", "rotation": 90},
				"south": {"uv": [10, 14, 11, 15], "texture": "#0", "rotation": 90},
				"west": {"uv": [10, 14, 11, 15], "texture": "#0", "rotation": 90},
				"up": {"uv": [10, 14, 11, 15], "texture": "#0", "rotation": 90},
				"down": {"uv": [10, 14, 11, 15], "texture": "#0", "rotation": 90}
			}
		},
		{
			"name": "stick3",
			"from": [7.25, 4.75, 7.75],
			"to": [8.75, 8, 8.25],
			"rotation": {"angle": 0, "axis": "y", "origin": [8, 3.75, 8]},
			"faces": {
				"north": {"uv": [10, 14, 11, 15], "texture": "#0", "rotation": 90},
				"east": {"uv": [10, 14, 11, 15], "texture": "#0", "rotation": 90},
				"south": {"uv": [10, 14, 11, 15], "texture": "#0", "rotation": 90},
				"west": {"uv": [10, 14, 11, 15], "texture": "#0", "rotation": 90},
				"up": {"uv": [10, 14, 11, 15], "texture": "#0", "rotation": 90},
				"down": {"uv": [10, 14, 11, 15], "texture": "#0", "rotation": 90}
			}
		},
		{
			"name": "stick1",
			"from": [7, 8, 7.5],
			"to": [9, 10, 8.5],
			"rotation": {"angle": 45, "axis": "y", "origin": [8, 7, 8]},
			"faces": {
				"north": {"uv": [10, 14, 11, 15], "texture": "#0", "rotation": 90},
				"east": {"uv": [10, 14, 11, 15], "texture": "#0", "rotation": 90},
				"south": {"uv": [10, 14, 11, 15], "texture": "#0", "rotation": 90},
				"west": {"uv": [10, 14, 11, 15], "texture": "#0", "rotation": 90},
				"up": {"uv": [10, 14, 11, 15], "texture": "#0", "rotation": 90},
				"down": {"uv": [10, 14, 11, 15], "texture": "#0", "rotation": 90}
			}
		},
		{
			"name": "stick1",
			"from": [7, 8, 7.5],
			"to": [9, 10, 8.5],
			"rotation": {"angle": 0, "axis": "y", "origin": [8, 7, 8]},
			"faces": {
				"north": {"uv": [10, 14, 11, 15], "texture": "#0", "rotation": 90},
				"east": {"uv": [10, 14, 11, 15], "texture": "#0", "rotation": 90},
				"south": {"uv": [10, 14, 11, 15], "texture": "#0", "rotation": 90},
				"west": {"uv": [10, 14, 11, 15], "texture": "#0", "rotation": 90},
				"up": {"uv": [10, 14, 11, 15], "texture": "#0", "rotation": 90},
				"down": {"uv": [10, 14, 11, 15], "texture": "#0", "rotation": 90}
			}
		},
		{
			"name": "stick1",
			"from": [7.5, 8, 7],
			"to": [8.5, 10, 9],
			"rotation": {"angle": 45, "axis": "y", "origin": [8, 7, 8]},
			"faces": {
				"north": {"uv": [10, 14, 11, 15], "texture": "#0"},
				"east": {"uv": [10, 14, 11, 15], "texture": "#0"},
				"south": {"uv": [10, 14, 11, 15], "texture": "#0"},
				"west": {"uv": [10, 14, 11, 15], "texture": "#0"},
				"up": {"uv": [10, 14, 11, 15], "texture": "#0"},
				"down": {"uv": [10, 14, 11, 15], "texture": "#0"}
			}
		},
		{
			"name": "stick1",
			"from": [7.5, 8, 7],
			"to": [8.5, 10, 9],
			"faces": {
				"north": {"uv": [10, 14, 11, 15], "texture": "#0"},
				"east": {"uv": [10, 14, 11, 15], "texture": "#0"},
				"south": {"uv": [10, 14, 11, 15], "texture": "#0"},
				"west": {"uv": [10, 14, 11, 15], "texture": "#0"},
				"up": {"uv": [10, 14, 11, 15], "texture": "#0"},
				"down": {"uv": [10, 14, 11, 15], "texture": "#0"}
			}
		},
		{
			"from": [7, 10, 8],
			"to": [9, 28, 8],
			"rotation": {"angle": -45, "axis": "y", "origin": [8, 19, 8]},
			"faces": {
				"north": {"uv": [1, 4, 2, 5], "texture": "#0"},
				"east": {"uv": [1, 4, 2, 5], "texture": "#0"},
				"south": {"uv": [1, 4, 2, 5], "texture": "#0"},
				"west": {"uv": [1, 4, 2, 5], "texture": "#0"},
				"up": {"uv": [1, 4, 2, 5], "texture": "#0"},
				"down": {"uv": [1, 4, 2, 5], "texture": "#0"}
			}
		},
		{
			"from": [7, 10, 8],
			"to": [9, 28, 8],
			"rotation": {"angle": 45, "axis": "y", "origin": [8, 19, 8]},
			"faces": {
				"north": {"uv": [1, 4, 2, 5], "texture": "#0"},
				"east": {"uv": [1, 4, 2, 5], "texture": "#0"},
				"south": {"uv": [1, 4, 2, 5], "texture": "#0"},
				"west": {"uv": [1, 4, 2, 5], "texture": "#0"},
				"up": {"uv": [1, 4, 2, 5], "texture": "#0"},
				"down": {"uv": [1, 4, 2, 5], "texture": "#0"}
			}
		},
		{
			"from": [7, 10, 8],
			"to": [9, 28, 8],
			"faces": {
				"north": {"uv": [1, 4, 2, 5], "texture": "#0"},
				"east": {"uv": [1, 4, 2, 5], "texture": "#0"},
				"south": {"uv": [1, 4, 2, 5], "texture": "#0"},
				"west": {"uv": [1, 4, 2, 5], "texture": "#0"},
				"up": {"uv": [1, 4, 2, 5], "texture": "#0"},
				"down": {"uv": [1, 4, 2, 5], "texture": "#0"}
			}
		},
		{
			"from": [8, 10, 7],
			"to": [8, 28, 9],
			"faces": {
				"north": {"uv": [1, 4, 2, 5], "texture": "#0"},
				"east": {"uv": [1, 4, 2, 5], "texture": "#0"},
				"south": {"uv": [1, 4, 2, 5], "texture": "#0"},
				"west": {"uv": [1, 4, 2, 5], "texture": "#0"},
				"up": {"uv": [1, 4, 2, 5], "texture": "#0"},
				"down": {"uv": [1, 4, 2, 5], "texture": "#0"}
			}
		}
	],
	"display": {
		"gui": {
			"scale": [1, 0.8, 1],
			"rotation": [53, 7, -44],
			"translation": [-4, -3.5, -0.5]
		}
	},
	"groups": [
		{
			"name": "group",
			"isOpen": true,
			"shade": true,
			"display": {
				"visibility": true,
				"autouv": true
			},
			"children": [0, 1, 2, 3]
		},
		{
			"name": "group",
			"isOpen": true,
			"shade": true,
			"display": {
				"visibility": true,
				"autouv": true
			},
			"children": [4, 5, 6, 7]
		},
		{
			"name": "group",
			"isOpen": true,
			"shade": true,
			"display": {
				"visibility": true,
				"autouv": true
			},
			"children": [8, 9, 10, 11]
		},
		{
			"name": "group",
			"isOpen": true,
			"shade": true,
			"display": {
				"visibility": true,
				"autouv": true
			},
			"children": [12, 13, 14, 15]
		}
	]
}