{
	"credit": "Made with Blockbench, a free, modern block model editor by JannisX11",
	"textures": {
		"0": "items/rgbsheet1",
		"particle": "items/rgbsheet1"
	},
	"elements": [
		{
			"name": "back",
			"from": [7.49, 4.65271, 18.06429],
			"to": [8.51, 6.05271, 18.81429],
			"rotation": {"angle": 0, "axis": "x", "origin": [7.99, 4.85271, 15.06429]},
			"faces": {
				"north": {"uv": [2, 1, 3, 2], "texture": "#0"},
				"east": {"uv": [2, 1, 3, 2], "texture": "#0"},
				"south": {"uv": [2, 1, 3, 2], "texture": "#0"},
				"west": {"uv": [2, 1, 3, 2], "texture": "#0"},
				"up": {"uv": [2, 1, 3, 2], "texture": "#0"},
				"down": {"uv": [2, 1, 3, 2], "texture": "#0"}
			}
		},
		{
			"name": "back",
			"from": [7.49, 4.40271, 13.06429],
			"to": [8.51, 4.80271, 14.06429],
			"rotation": {"angle": 0, "axis": "x", "origin": [7.99, 4.85271, 14.81429]},
			"faces": {
				"north": {"uv": [2, 1, 3, 2], "texture": "#0"},
				"east": {"uv": [2, 1, 3, 2], "texture": "#0"},
				"south": {"uv": [2, 1, 3, 2], "texture": "#0"},
				"west": {"uv": [2, 1, 3, 2], "texture": "#0"},
				"up": {"uv": [2, 1, 3, 2], "texture": "#0"},
				"down": {"uv": [2, 1, 3, 2], "texture": "#0"}
			}
		},
		{
			"name": "back",
			"from": [7.49, 4.65271, 13.06429],
			"to": [8.51, 6.30271, 18.06429],
			"rotation": {"angle": 0, "axis": "x", "origin": [7.99, 4.85271, 14.81429]},
			"faces": {
				"north": {"uv": [2, 1, 3, 2], "texture": "#0"},
				"east": {"uv": [2, 1, 3, 2], "texture": "#0"},
				"south": {"uv": [2, 1, 3, 2], "texture": "#0"},
				"west": {"uv": [2, 1, 3, 2], "texture": "#0"},
				"up": {"uv": [2, 1, 3, 2], "texture": "#0"},
				"down": {"uv": [2, 1, 3, 2], "texture": "#0"}
			}
		},
		{
			"name": "pipe",
			"from": [7.5, 6.25, 4],
			"to": [8.5, 6.79, 11],
			"faces": {
				"north": {"uv": [7, 15, 8, 16], "texture": "#0"},
				"east": {"uv": [7, 15, 8, 16], "texture": "#0"},
				"south": {"uv": [7, 15, 8, 16], "texture": "#0"},
				"west": {"uv": [7, 15, 8, 16], "texture": "#0"},
				"up": {"uv": [7, 15, 8, 16], "texture": "#0"},
				"down": {"uv": [7, 15, 8, 16], "texture": "#0"}
			}
		},
		{
			"name": "pipe",
			"from": [7.75, 7, 7.25],
			"to": [8.25, 7.25, 7.5],
			"faces": {
				"north": {"uv": [7, 15, 8, 16], "texture": "#0"},
				"east": {"uv": [7, 15, 8, 16], "texture": "#0"},
				"south": {"uv": [7, 15, 8, 16], "texture": "#0"},
				"west": {"uv": [7, 15, 8, 16], "texture": "#0"},
				"up": {"uv": [7, 15, 8, 16], "texture": "#0"},
				"down": {"uv": [7, 15, 8, 16], "texture": "#0"}
			}
		},
		{
			"name": "pipe",
			"from": [7.75, 7, -2.75],
			"to": [8.25, 7.25, -2.5],
			"faces": {
				"north": {"uv": [7, 15, 8, 16], "texture": "#0"},
				"east": {"uv": [7, 15, 8, 16], "texture": "#0"},
				"south": {"uv": [7, 15, 8, 16], "texture": "#0"},
				"west": {"uv": [7, 15, 8, 16], "texture": "#0"},
				"up": {"uv": [7, 15, 8, 16], "texture": "#0"},
				"down": {"uv": [7, 15, 8, 16], "texture": "#0"}
			}
		},
		{
			"name": "pipe",
			"from": [7.75, 6, -3],
			"to": [8.25, 7, 11],
			"faces": {
				"north": {"uv": [7, 15, 8, 16], "texture": "#0"},
				"east": {"uv": [7, 15, 8, 16], "texture": "#0"},
				"south": {"uv": [7, 15, 8, 16], "texture": "#0"},
				"west": {"uv": [7, 15, 8, 16], "texture": "#0"},
				"up": {"uv": [7, 15, 8, 16], "texture": "#0"},
				"down": {"uv": [7, 15, 8, 16], "texture": "#0"}
			}
		},
		{
			"name": "woodholder",
			"from": [7.5, 5.5, 7],
			"to": [8.5, 5.75, 11],
			"faces": {
				"north": {"uv": [2, 1, 3, 2], "texture": "#0"},
				"east": {"uv": [2, 1, 3, 2], "texture": "#0"},
				"south": {"uv": [2, 1, 3, 2], "texture": "#0"},
				"west": {"uv": [2, 1, 3, 2], "texture": "#0"},
				"up": {"uv": [2, 1, 3, 2], "texture": "#0"},
				"down": {"uv": [2, 1, 3, 2], "texture": "#0"}
			}
		},
		{
			"name": "woodholder",
			"from": [7.25, 5.75, 6.75],
			"to": [8.75, 6.75, 11],
			"faces": {
				"north": {"uv": [2, 1, 3, 2], "texture": "#0"},
				"east": {"uv": [2, 1, 3, 2], "texture": "#0"},
				"south": {"uv": [2, 1, 3, 2], "texture": "#0"},
				"west": {"uv": [2, 1, 3, 2], "texture": "#0"},
				"up": {"uv": [2, 1, 3, 2], "texture": "#0"},
				"down": {"uv": [2, 1, 3, 2], "texture": "#0"}
			}
		},
		{
			"name": "stock",
			"from": [7.5, 7, 11],
			"to": [8.5, 8, 14],
			"rotation": {"angle": 22.5, "axis": "x", "origin": [8, 8, 8]},
			"faces": {
				"north": {"uv": [2, 1, 3, 2], "texture": "#0"},
				"east": {"uv": [2, 1, 3, 2], "texture": "#0"},
				"south": {"uv": [2, 1, 3, 2], "texture": "#0"},
				"west": {"uv": [2, 1, 3, 2], "texture": "#0"},
				"up": {"uv": [2, 1, 3, 2], "texture": "#0"},
				"down": {"uv": [2, 1, 3, 2], "texture": "#0"}
			}
		},
		{
			"name": "pipe",
			"from": [7.5, 2.75, 5.25],
			"to": [8.25, 6, 7],
			"rotation": {"angle": -22.5, "axis": "z", "origin": [8, 4.375, 6.125]},
			"faces": {
				"north": {"uv": [7, 15, 8, 16], "texture": "#0", "rotation": 180},
				"east": {"uv": [7, 15, 8, 16], "texture": "#0", "rotation": 180},
				"south": {"uv": [7, 15, 8, 16], "texture": "#0", "rotation": 180},
				"west": {"uv": [7, 15, 8, 16], "texture": "#0", "rotation": 180},
				"up": {"uv": [7, 15, 8, 16], "texture": "#0", "rotation": 180},
				"down": {"uv": [7, 15, 8, 16], "texture": "#0", "rotation": 180}
			}
		},
		{
			"name": "pipe",
			"from": [6.375, 4.125, 5.25],
			"to": [9.625, 4.875, 7],
			"rotation": {"angle": 45, "axis": "z", "origin": [8, 4.375, 6.125]},
			"faces": {
				"north": {"uv": [7, 15, 8, 16], "texture": "#0", "rotation": 90},
				"east": {"uv": [7, 15, 8, 16], "texture": "#0", "rotation": 270},
				"south": {"uv": [7, 15, 8, 16], "texture": "#0", "rotation": 270},
				"west": {"uv": [7, 15, 8, 16], "texture": "#0", "rotation": 270},
				"up": {"uv": [7, 15, 8, 16], "texture": "#0", "rotation": 270},
				"down": {"uv": [7, 15, 8, 16], "texture": "#0", "rotation": 270}
			}
		},
		{
			"name": "pipe",
			"from": [6.375, 4.125, 5.25],
			"to": [9.625, 4.875, 7],
			"rotation": {"angle": 22.5, "axis": "z", "origin": [8, 4.375, 6.125]},
			"faces": {
				"north": {"uv": [7, 15, 8, 16], "texture": "#0", "rotation": 90},
				"east": {"uv": [7, 15, 8, 16], "texture": "#0", "rotation": 270},
				"south": {"uv": [7, 15, 8, 16], "texture": "#0", "rotation": 270},
				"west": {"uv": [7, 15, 8, 16], "texture": "#0", "rotation": 270},
				"up": {"uv": [7, 15, 8, 16], "texture": "#0", "rotation": 270},
				"down": {"uv": [7, 15, 8, 16], "texture": "#0", "rotation": 270}
			}
		},
		{
			"name": "pipe",
			"from": [6.375, 4.125, 5.25],
			"to": [9.625, 4.875, 7],
			"rotation": {"angle": 0, "axis": "z", "origin": [8, 4.375, 6.125]},
			"faces": {
				"north": {"uv": [7, 15, 8, 16], "texture": "#0", "rotation": 90},
				"east": {"uv": [7, 15, 8, 16], "texture": "#0", "rotation": 270},
				"south": {"uv": [7, 15, 8, 16], "texture": "#0", "rotation": 270},
				"west": {"uv": [7, 15, 8, 16], "texture": "#0", "rotation": 270},
				"up": {"uv": [7, 15, 8, 16], "texture": "#0", "rotation": 270},
				"down": {"uv": [7, 15, 8, 16], "texture": "#0", "rotation": 270}
			}
		},
		{
			"name": "pipe",
			"from": [6.375, 4.125, 5.25],
			"to": [9.625, 4.875, 7],
			"rotation": {"angle": -22.5, "axis": "z", "origin": [8, 4.375, 6.125]},
			"faces": {
				"north": {"uv": [7, 15, 8, 16], "texture": "#0", "rotation": 90},
				"east": {"uv": [7, 15, 8, 16], "texture": "#0", "rotation": 270},
				"south": {"uv": [7, 15, 8, 16], "texture": "#0", "rotation": 270},
				"west": {"uv": [7, 15, 8, 16], "texture": "#0", "rotation": 270},
				"up": {"uv": [7, 15, 8, 16], "texture": "#0", "rotation": 270},
				"down": {"uv": [7, 15, 8, 16], "texture": "#0", "rotation": 270}
			}
		},
		{
			"name": "pipe",
			"from": [7.75, 2.75, 5.25],
			"to": [8.5, 6, 7],
			"rotation": {"angle": 45, "axis": "z", "origin": [8, 4.375, 6.125]},
			"faces": {
				"north": {"uv": [7, 15, 8, 16], "texture": "#0"},
				"east": {"uv": [7, 15, 8, 16], "texture": "#0"},
				"south": {"uv": [7, 15, 8, 16], "texture": "#0"},
				"west": {"uv": [7, 15, 8, 16], "texture": "#0"},
				"up": {"uv": [7, 15, 8, 16], "texture": "#0"},
				"down": {"uv": [7, 15, 8, 16], "texture": "#0"}
			}
		},
		{
			"name": "pipe",
			"from": [7.75, 2.75, 5.25],
			"to": [8.5, 6, 7],
			"rotation": {"angle": 22.5, "axis": "z", "origin": [8, 4.375, 6.125]},
			"faces": {
				"north": {"uv": [7, 15, 8, 16], "texture": "#0"},
				"east": {"uv": [7, 15, 8, 16], "texture": "#0"},
				"south": {"uv": [7, 15, 8, 16], "texture": "#0"},
				"west": {"uv": [7, 15, 8, 16], "texture": "#0"},
				"up": {"uv": [7, 15, 8, 16], "texture": "#0"},
				"down": {"uv": [7, 15, 8, 16], "texture": "#0"}
			}
		},
		{
			"name": "pipe",
			"from": [7.5, 2.75, 5.25],
			"to": [8.5, 6, 7],
			"rotation": {"angle": 0, "axis": "x", "origin": [8, 4.375, 6.125]},
			"faces": {
				"north": {"uv": [7, 15, 8, 16], "texture": "#0"},
				"east": {"uv": [7, 15, 8, 16], "texture": "#0"},
				"south": {"uv": [7, 15, 8, 16], "texture": "#0"},
				"west": {"uv": [7, 15, 8, 16], "texture": "#0"},
				"up": {"uv": [7, 15, 8, 16], "texture": "#0"},
				"down": {"uv": [7, 15, 8, 16], "texture": "#0"}
			}
		},
		{
			"name": "pipe",
			"from": [7.5, 6.25, 2],
			"to": [8.5, 6.79, 2.5],
			"faces": {
				"north": {"uv": [7, 15, 8, 16], "texture": "#0"},
				"east": {"uv": [7, 15, 8, 16], "texture": "#0"},
				"south": {"uv": [7, 15, 8, 16], "texture": "#0"},
				"west": {"uv": [7, 15, 8, 16], "texture": "#0"},
				"up": {"uv": [7, 15, 8, 16], "texture": "#0"},
				"down": {"uv": [7, 15, 8, 16], "texture": "#0"}
			}
		},
		{
			"name": "pipe",
			"from": [7.5, 6.25, 3],
			"to": [8.5, 6.79, 3.5],
			"faces": {
				"north": {"uv": [7, 15, 8, 16], "texture": "#0"},
				"east": {"uv": [7, 15, 8, 16], "texture": "#0"},
				"south": {"uv": [7, 15, 8, 16], "texture": "#0"},
				"west": {"uv": [7, 15, 8, 16], "texture": "#0"},
				"up": {"uv": [7, 15, 8, 16], "texture": "#0"},
				"down": {"uv": [7, 15, 8, 16], "texture": "#0"}
			}
		},
		{
			"name": "pipe",
			"from": [7.5, 6.25, 1],
			"to": [8.5, 6.79, 1.5],
			"faces": {
				"north": {"uv": [7, 15, 8, 16], "texture": "#0"},
				"east": {"uv": [7, 15, 8, 16], "texture": "#0"},
				"south": {"uv": [7, 15, 8, 16], "texture": "#0"},
				"west": {"uv": [7, 15, 8, 16], "texture": "#0"},
				"up": {"uv": [7, 15, 8, 16], "texture": "#0"},
				"down": {"uv": [7, 15, 8, 16], "texture": "#0"}
			}
		},
		{
			"name": "pipe",
			"from": [7.5, 6.25, 0],
			"to": [8.5, 6.79, 0.5],
			"faces": {
				"north": {"uv": [7, 15, 8, 16], "texture": "#0"},
				"east": {"uv": [7, 15, 8, 16], "texture": "#0"},
				"south": {"uv": [7, 15, 8, 16], "texture": "#0"},
				"west": {"uv": [7, 15, 8, 16], "texture": "#0"},
				"up": {"uv": [7, 15, 8, 16], "texture": "#0"},
				"down": {"uv": [7, 15, 8, 16], "texture": "#0"}
			}
		},
		{
			"name": "pipe",
			"from": [7.5, 6.25, -1],
			"to": [8.5, 6.79, -0.5],
			"faces": {
				"north": {"uv": [7, 15, 8, 16], "texture": "#0"},
				"east": {"uv": [7, 15, 8, 16], "texture": "#0"},
				"south": {"uv": [7, 15, 8, 16], "texture": "#0"},
				"west": {"uv": [7, 15, 8, 16], "texture": "#0"},
				"up": {"uv": [7, 15, 8, 16], "texture": "#0"},
				"down": {"uv": [7, 15, 8, 16], "texture": "#0"}
			}
		},
		{
			"name": "pipe",
			"from": [7.5, 6.2, -3],
			"to": [8.5, 6.29, 7.5],
			"faces": {
				"north": {"uv": [7, 15, 8, 16], "texture": "#0"},
				"east": {"uv": [7, 15, 8, 16], "texture": "#0"},
				"south": {"uv": [7, 15, 8, 16], "texture": "#0"},
				"west": {"uv": [7, 15, 8, 16], "texture": "#0"},
				"up": {"uv": [7, 15, 8, 16], "texture": "#0"},
				"down": {"uv": [7, 15, 8, 16], "texture": "#0"}
			}
		},
		{
			"name": "pipe",
			"from": [7.5, 6.7, -3],
			"to": [8.5, 6.79, 7.5],
			"faces": {
				"north": {"uv": [7, 15, 8, 16], "texture": "#0"},
				"east": {"uv": [7, 15, 8, 16], "texture": "#0"},
				"south": {"uv": [7, 15, 8, 16], "texture": "#0"},
				"west": {"uv": [7, 15, 8, 16], "texture": "#0"},
				"up": {"uv": [7, 15, 8, 16], "texture": "#0"},
				"down": {"uv": [7, 15, 8, 16], "texture": "#0"}
			}
		},
		{
			"name": "pipe",
			"from": [7.5, 6.25, -3],
			"to": [8.5, 6.79, -2.5],
			"faces": {
				"north": {"uv": [7, 15, 8, 16], "texture": "#0"},
				"east": {"uv": [7, 15, 8, 16], "texture": "#0"},
				"south": {"uv": [7, 15, 8, 16], "texture": "#0"},
				"west": {"uv": [7, 15, 8, 16], "texture": "#0"},
				"up": {"uv": [7, 15, 8, 16], "texture": "#0"},
				"down": {"uv": [7, 15, 8, 16], "texture": "#0"}
			}
		},
		{
			"name": "pipe",
			"from": [7.5, 6.25, -2],
			"to": [8.5, 6.79, -1.5],
			"faces": {
				"north": {"uv": [7, 15, 8, 16], "texture": "#0"},
				"east": {"uv": [7, 15, 8, 16], "texture": "#0"},
				"south": {"uv": [7, 15, 8, 16], "texture": "#0"},
				"west": {"uv": [7, 15, 8, 16], "texture": "#0"},
				"up": {"uv": [7, 15, 8, 16], "texture": "#0"},
				"down": {"uv": [7, 15, 8, 16], "texture": "#0"}
			}
		}
	],
	"display": {
		"thirdperson_righthand": {
			"rotation": [-7, -2, -10],
			"translation": [0, 4, -2]
		},
		"thirdperson_lefthand": {
			"rotation": [0, 0, 0],
			"translation": [-12, 2, -1]
		},
		"firstperson_righthand": {
			"rotation": [0, -2, 0],
			"translation": [0, 5, 0],
			"scale": [1.6, 1.6, 1.6]
		},
		"firstperson_lefthand": {
			"rotation": [0, 0, 0],
			"translation": [-9, 9, -3],
			"scale": [3, 3, 1.9]
		},
		"gui": {
			"rotation": [-57, -129, -56],
			"translation": [-1, 2.5, 1.5],
			"scale": [0.9, 0.9, 0.9]
		},
		"ground": {
			"rotation": [0, 0, -23],
			"translation": [3.59, -0.94, 6.05]
		},
		"fixed": {
			"rotation": [-1, 3, -41],
			"translation": [12.28, 3.4, 10.39],
			"scale": [3.37, 3.37, 3.4]
		}
	},
	"groups": [0, 1, 2, 3, 4, 5, 6, 7, 8, 9,
		{
			"name": "group",
			"isOpen": true,
			"shade": true,
			"display": {
				"visibility": true,
				"autouv": true
			},
			"children": []
		},
		{
			"name": "group",
			"isOpen": true,
			"shade": true,
			"display": {
				"visibility": true,
				"autouv": true
			},
			"children": [10, 11, 12, 13, 14, 15, 16, 17]
		},
		{
			"name": "group",
			"isOpen": true,
			"shade": true,
			"display": {
				"visibility": true,
				"autouv": true
			},
			"children": [18, 19, 20, 21, 22, 23, 24, 25, 26]
		}
	]
}