{
	"credit": "Made with Blockbench, a free, modern block model editor by JannisX11",
	"textures": {
		"0": "items/camo",
		"1": "items/glasspanetexture",
		"2": "items/rgbsheet1",
		"particle": "items/camo"
	},
	"elements": [
		{
			"from": [0.25, 3.75, 15.25],
			"to": [16, 5.5, 17.25],
			"rotation": {"angle": -45, "axis": "x", "origin": [8.125, 4.375, 14.75]},
			"faces": {
				"north": {"uv": [0, 0, 4, 8], "texture": "#0"},
				"east": {"uv": [0, 0, 4, 8], "texture": "#0"},
				"south": {"uv": [0, 0, 4, 8], "texture": "#0"},
				"west": {"uv": [0, 0, 4, 8], "texture": "#0"},
				"up": {"uv": [0, 0, 4, 8], "texture": "#0"},
				"down": {"uv": [0, 0, 4, 8], "texture": "#0"}
			}
		},
		{
			"from": [0.25, 8, 15.25],
			"to": [16, 9.5, 16.75],
			"rotation": {"angle": -45, "axis": "x", "origin": [8.125, 8.375, 14.75]},
			"faces": {
				"north": {"uv": [0, 0, 4, 8], "texture": "#0"},
				"east": {"uv": [0, 0, 4, 8], "texture": "#0"},
				"south": {"uv": [0, 0, 4, 8], "texture": "#0"},
				"west": {"uv": [0, 0, 4, 8], "texture": "#0"},
				"up": {"uv": [0, 0, 4, 8], "texture": "#0"},
				"down": {"uv": [0, 0, 4, 8], "texture": "#0"}
			}
		},
		{
			"from": [0.25, 8, 16.75],
			"to": [16, 11, 18.5],
			"rotation": {"angle": -45, "axis": "x", "origin": [8.125, 8.375, 14.75]},
			"faces": {
				"north": {"uv": [0, 0, 4, 8], "texture": "#0"},
				"east": {"uv": [0, 0, 4, 8], "texture": "#0"},
				"south": {"uv": [0, 0, 4, 8], "texture": "#0"},
				"west": {"uv": [0, 0, 4, 8], "texture": "#0"},
				"up": {"uv": [0, 0, 4, 8], "texture": "#0"},
				"down": {"uv": [0, 0, 4, 8], "texture": "#0"}
			}
		},
		{
			"from": [0.25, 4.75, 14.25],
			"to": [16, 8, 18.5],
			"rotation": {"angle": -45, "axis": "x", "origin": [8.125, 8.375, 14.75]},
			"faces": {
				"north": {"uv": [0, 0, 4, 8], "texture": "#0"},
				"east": {"uv": [0, 0, 4, 8], "texture": "#0"},
				"south": {"uv": [0, 0, 4, 8], "texture": "#0"},
				"west": {"uv": [0, 0, 4, 8], "texture": "#0"},
				"up": {"uv": [0, 0, 4, 8], "texture": "#0"},
				"down": {"uv": [0, 0, 4, 8], "texture": "#0"}
			}
		},
		{
			"from": [0.25, 3, 14.25],
			"to": [16, 13.75, 15.25],
			"faces": {
				"north": {"uv": [4, 4, 8, 8], "texture": "#0"},
				"east": {"uv": [0, 0, 4, 8], "texture": "#0"},
				"south": {"uv": [0, 0, 4, 8], "texture": "#0"},
				"west": {"uv": [0, 0, 4, 8], "texture": "#0"},
				"up": {"uv": [0, 0, 4, 8], "texture": "#0"},
				"down": {"uv": [0, 0, 4, 8], "texture": "#0"}
			}
		},
		{
			"from": [-0.01, 1, 2],
			"to": [0.24, 15.25, 5.75],
			"faces": {
				"north": {"uv": [0, 0, 4, 8], "texture": "#0"},
				"east": {"uv": [0, 0, 4, 8], "texture": "#0"},
				"south": {"uv": [0, 0, 4, 8], "texture": "#0"},
				"west": {"uv": [0, 0, 4, 8], "texture": "#0"},
				"up": {"uv": [0, 0, 4, 8], "texture": "#0"},
				"down": {"uv": [0, 0, 4, 8], "texture": "#0"}
			}
		},
		{
			"from": [15.75, 1, 2],
			"to": [16, 15.25, 5.75],
			"faces": {
				"north": {"uv": [0, 0, 4, 8], "texture": "#0"},
				"east": {"uv": [0, 0, 4, 8], "texture": "#0"},
				"south": {"uv": [0, 0, 4, 8], "texture": "#0"},
				"west": {"uv": [0, 0, 4, 8], "texture": "#0"},
				"up": {"uv": [0, 0, 4, 8], "texture": "#0"},
				"down": {"uv": [0, 0, 4, 8], "texture": "#0"}
			}
		},
		{
			"from": [-0.01, 1, -8.25],
			"to": [0.24, 8.75, 2],
			"faces": {
				"north": {"uv": [0, 0, 4, 8], "texture": "#0"},
				"east": {"uv": [0, 0, 4, 8], "texture": "#0"},
				"south": {"uv": [0, 0, 4, 8], "texture": "#0"},
				"west": {"uv": [0, 0, 4, 8], "texture": "#0"},
				"up": {"uv": [0, 0, 4, 8], "texture": "#0"},
				"down": {"uv": [0, 0, 4, 8], "texture": "#0"}
			}
		},
		{
			"from": [15.75, 1, -8.25],
			"to": [16, 8.75, 2],
			"faces": {
				"north": {"uv": [0, 0, 4, 8], "texture": "#0"},
				"east": {"uv": [0, 0, 4, 8], "texture": "#0"},
				"south": {"uv": [0, 0, 4, 8], "texture": "#0"},
				"west": {"uv": [0, 0, 4, 8], "texture": "#0"},
				"up": {"uv": [0, 0, 4, 8], "texture": "#0"},
				"down": {"uv": [0, 0, 4, 8], "texture": "#0"}
			}
		},
		{
			"from": [5, 15.1, 3.75],
			"to": [11, 18.1, 9.75],
			"faces": {
				"north": {"uv": [9, 14, 10, 15], "texture": "#2"},
				"east": {"uv": [9, 14, 10, 15], "texture": "#2"},
				"south": {"uv": [9, 14, 10, 15], "texture": "#2"},
				"west": {"uv": [9, 14, 10, 15], "texture": "#2"},
				"up": {"uv": [9, 14, 10, 15], "texture": "#2"},
				"down": {"uv": [9, 14, 10, 15], "texture": "#2"}
			}
		},
		{
			"from": [0, 15, -5.25],
			"to": [16, 15.75, 14],
			"faces": {
				"north": {"uv": [0, 0, 4, 8], "texture": "#0"},
				"east": {"uv": [0, 0, 4, 8], "texture": "#0"},
				"south": {"uv": [0, 0, 4, 8], "texture": "#0"},
				"west": {"uv": [0, 0, 4, 8], "texture": "#0"},
				"up": {"uv": [0, 0, 4, 8], "texture": "#0"},
				"down": {"uv": [0, 0, 4, 8], "texture": "#0"}
			}
		},
		{
			"from": [14, 5.5, -7],
			"to": [16, 16, -6.5],
			"rotation": {"angle": 22.5, "axis": "x", "origin": [22, 11.5, -6.75]},
			"faces": {
				"north": {"uv": [0, 0, 4, 8], "texture": "#0", "rotation": 180},
				"east": {"uv": [0, 0, 4, 8], "texture": "#0", "rotation": 90},
				"south": {"uv": [0, 0, 4, 8], "texture": "#0"},
				"west": {"uv": [0, 0, 4, 8], "texture": "#0", "rotation": 270},
				"up": {"uv": [0, 0, 4, 8], "texture": "#0"},
				"down": {"uv": [0, 0, 4, 8], "texture": "#0", "rotation": 180}
			}
		},
		{
			"from": [2, 7.25, -7],
			"to": [14, 16, -6.5],
			"rotation": {"angle": 22.5, "axis": "x", "origin": [8, 11.5, -6.75]},
			"faces": {
				"north": {"uv": [0, 1, 16, 15], "texture": "#1", "rotation": 180},
				"east": {"uv": [0, 1, 16, 15], "texture": "#1", "rotation": 180},
				"south": {"uv": [0, 1, 16, 15], "texture": "#1", "rotation": 180},
				"west": {"uv": [0, 1, 16, 15], "texture": "#1", "rotation": 180},
				"up": {"uv": [0, 1, 16, 15], "texture": "#1", "rotation": 180},
				"down": {"uv": [0, 1, 16, 15], "texture": "#1", "rotation": 180}
			}
		},
		{
			"from": [0, 5.5, -7],
			"to": [2, 16, -6.5],
			"rotation": {"angle": 22.5, "axis": "x", "origin": [8, 11.5, -6.75]},
			"faces": {
				"north": {"uv": [0, 0, 4, 8], "texture": "#0", "rotation": 180},
				"east": {"uv": [0, 0, 4, 8], "texture": "#0", "rotation": 90},
				"south": {"uv": [0, 0, 4, 8], "texture": "#0"},
				"west": {"uv": [0, 0, 4, 8], "texture": "#0", "rotation": 270},
				"up": {"uv": [0, 0, 4, 8], "texture": "#0"},
				"down": {"uv": [0, 0, 4, 8], "texture": "#0", "rotation": 180}
			}
		},
		{
			"from": [7.01, 8.5, 29],
			"to": [8.99, 15.25, 32],
			"rotation": {"angle": 22.5, "axis": "x", "origin": [8, 12.625, 30.5]},
			"faces": {
				"north": {"uv": [0, 0, 4, 3.5], "texture": "#0"},
				"east": {"uv": [0, 0, 4, 3.5], "texture": "#0"},
				"south": {"uv": [0, 0, 4, 3.5], "texture": "#0"},
				"west": {"uv": [0, 0, 4, 3.5], "texture": "#0"},
				"up": {"uv": [0, 0, 4, 3.5], "texture": "#0"},
				"down": {"uv": [0, 0, 4, 3.5], "texture": "#0"}
			}
		},
		{
			"from": [7, 7.75, 16.5],
			"to": [9, 12.5, 31],
			"faces": {
				"north": {"uv": [0, 0, 4, 8], "texture": "#0"},
				"east": {"uv": [0, 0, 4, 8], "texture": "#0"},
				"south": {"uv": [0, 0, 4, 8], "texture": "#0"},
				"west": {"uv": [0, 0, 4, 8], "texture": "#0"},
				"up": {"uv": [0, 0, 4, 8], "texture": "#0"},
				"down": {"uv": [0, 0, 4, 8], "texture": "#0"}
			}
		},
		{
			"from": [0, 6.5, 19],
			"to": [15.75, 16.25, 19.75],
			"rotation": {"angle": -45, "axis": "x", "origin": [7.875, 8.375, 17.5]},
			"faces": {
				"north": {"uv": [0, 0, 4, 8], "texture": "#0"},
				"east": {"uv": [0, 0, 4, 8], "texture": "#0"},
				"south": {"uv": [0, 0, 4, 8], "texture": "#0"},
				"west": {"uv": [0, 0, 4, 8], "texture": "#0"},
				"up": {"uv": [0, 0, 4, 8], "texture": "#0"},
				"down": {"uv": [0, 0, 4, 8], "texture": "#0"}
			}
		},
		{
			"from": [0, -1.25, 19],
			"to": [15.75, 10.5, 19.75],
			"rotation": {"angle": 45, "axis": "x", "origin": [7.875, 8.375, 17.5]},
			"faces": {
				"north": {"uv": [0, 0, 4, 8], "texture": "#0"},
				"east": {"uv": [0, 0, 4, 8], "texture": "#0"},
				"south": {"uv": [0, 0, 4, 8], "texture": "#0"},
				"west": {"uv": [0, 0, 4, 8], "texture": "#0"},
				"up": {"uv": [0, 0, 4, 8], "texture": "#0"},
				"down": {"uv": [0, 0, 4, 8], "texture": "#0"}
			}
		},
		{
			"from": [0.25, 5.5, -8.25],
			"to": [15.75, 8, -6.75],
			"faces": {
				"north": {"uv": [0, 0, 4, 4], "texture": "#0"},
				"east": {"uv": [0, 0, 4, 4], "texture": "#0"},
				"south": {"uv": [0, 0, 4, 4], "texture": "#0"},
				"west": {"uv": [0, 0, 4, 4], "texture": "#0"},
				"up": {"uv": [0, 0, 4, 4], "texture": "#0"},
				"down": {"uv": [0, 0, 4, 4], "texture": "#0"}
			}
		},
		{
			"from": [0, 5.5, -11],
			"to": [16, 8, -8.25],
			"faces": {
				"north": {"uv": [0, 0, 4, 4], "texture": "#0"},
				"east": {"uv": [0, 0, 4, 4], "texture": "#0"},
				"south": {"uv": [0, 0, 4, 4], "texture": "#0"},
				"west": {"uv": [0, 0, 4, 4], "texture": "#0"},
				"up": {"uv": [0, 0, 4, 4], "texture": "#0"},
				"down": {"uv": [0, 0, 4, 4], "texture": "#0"}
			}
		},
		{
			"from": [5.25, 5.75, -7.5],
			"to": [9, 7.25, -6],
			"faces": {
				"north": {"uv": [7, 15, 8, 16], "texture": "#2"},
				"east": {"uv": [7, 15, 8, 16], "texture": "#2"},
				"south": {"uv": [7, 15, 8, 16], "texture": "#2"},
				"west": {"uv": [7, 15, 8, 16], "texture": "#2"},
				"up": {"uv": [7, 15, 8, 16], "texture": "#2"},
				"down": {"uv": [7, 15, 8, 16], "texture": "#2"}
			}
		},
		{
			"from": [0, 0.75, -12.75],
			"to": [16, 5.75, -8],
			"faces": {
				"north": {"uv": [0, 0, 4, 8], "texture": "#0"},
				"east": {"uv": [0, 0, 4, 8], "texture": "#0"},
				"south": {"uv": [0, 0, 4, 8], "texture": "#0"},
				"west": {"uv": [0, 0, 4, 8], "texture": "#0"},
				"up": {"uv": [0, 0, 4, 8], "texture": "#0"},
				"down": {"uv": [0, 0, 4, 8], "texture": "#0"}
			}
		},
		{
			"from": [14, -4, 12.25],
			"to": [15, 0, 14.5],
			"faces": {
				"north": {"uv": [7, 15, 8, 16], "texture": "#2"},
				"east": {"uv": [7, 15, 8, 16], "texture": "#2"},
				"south": {"uv": [7, 15, 8, 16], "texture": "#2"},
				"west": {"uv": [7, 15, 8, 16], "texture": "#2"},
				"up": {"uv": [7, 15, 8, 16], "texture": "#2"},
				"down": {"uv": [7, 15, 8, 16], "texture": "#2"}
			}
		},
		{
			"from": [1, -4, 12.25],
			"to": [2, 0, 14.5],
			"faces": {
				"north": {"uv": [7, 15, 8, 16], "texture": "#2"},
				"east": {"uv": [7, 15, 8, 16], "texture": "#2"},
				"south": {"uv": [7, 15, 8, 16], "texture": "#2"},
				"west": {"uv": [7, 15, 8, 16], "texture": "#2"},
				"up": {"uv": [7, 15, 8, 16], "texture": "#2"},
				"down": {"uv": [7, 15, 8, 16], "texture": "#2"}
			}
		},
		{
			"from": [1, -4, -5.75],
			"to": [2, 0, -3.5],
			"faces": {
				"north": {"uv": [7, 15, 8, 16], "texture": "#2"},
				"east": {"uv": [7, 15, 8, 16], "texture": "#2"},
				"south": {"uv": [7, 15, 8, 16], "texture": "#2"},
				"west": {"uv": [7, 15, 8, 16], "texture": "#2"},
				"up": {"uv": [7, 15, 8, 16], "texture": "#2"},
				"down": {"uv": [7, 15, 8, 16], "texture": "#2"}
			}
		},
		{
			"from": [14, -4, -5.75],
			"to": [15, 0, -3.5],
			"faces": {
				"north": {"uv": [7, 15, 8, 16], "texture": "#2"},
				"east": {"uv": [7, 15, 8, 16], "texture": "#2"},
				"south": {"uv": [7, 15, 8, 16], "texture": "#2"},
				"west": {"uv": [7, 15, 8, 16], "texture": "#2"},
				"up": {"uv": [7, 15, 8, 16], "texture": "#2"},
				"down": {"uv": [7, 15, 8, 16], "texture": "#2"}
			}
		},
		{
			"from": [13, -4, -8.75],
			"to": [16, -3, 22.5],
			"faces": {
				"north": {"uv": [7, 15, 8, 16], "texture": "#2"},
				"east": {"uv": [7, 15, 8, 16], "texture": "#2"},
				"south": {"uv": [7, 15, 8, 16], "texture": "#2"},
				"west": {"uv": [7, 15, 8, 16], "texture": "#2"},
				"up": {"uv": [7, 15, 8, 16], "texture": "#2"},
				"down": {"uv": [7, 15, 8, 16], "texture": "#2"}
			}
		},
		{
			"from": [0, -4, -8.75],
			"to": [3, -3, 22.5],
			"faces": {
				"north": {"uv": [7, 15, 8, 16], "texture": "#2"},
				"east": {"uv": [7, 15, 8, 16], "texture": "#2"},
				"south": {"uv": [7, 15, 8, 16], "texture": "#2"},
				"west": {"uv": [7, 15, 8, 16], "texture": "#2"},
				"up": {"uv": [7, 15, 8, 16], "texture": "#2"},
				"down": {"uv": [7, 15, 8, 16], "texture": "#2"}
			}
		},
		{
			"from": [0, 0, -8.75],
			"to": [16, 1, 13.5],
			"faces": {
				"north": {"uv": [4, 4, 8, 8], "texture": "#0"},
				"east": {"uv": [4, 4, 8, 8], "texture": "#0"},
				"south": {"uv": [4, 4, 8, 8], "texture": "#0"},
				"west": {"uv": [4, 4, 8, 8], "texture": "#0"},
				"up": {"uv": [8, 15, 9, 16], "texture": "#2"},
				"down": {"uv": [4, 4, 8, 8], "texture": "#0"}
			}
		},
		{
			"from": [8.5, 1, -2.75],
			"to": [15.5, 5, 3.25],
			"faces": {
				"north": {"uv": [7, 15, 8, 16], "texture": "#2"},
				"east": {"uv": [7, 15, 8, 16], "texture": "#2"},
				"south": {"uv": [7, 15, 8, 16], "texture": "#2"},
				"west": {"uv": [7, 15, 8, 16], "texture": "#2"},
				"up": {"uv": [7, 15, 8, 16], "texture": "#2"},
				"down": {"uv": [7, 15, 8, 16], "texture": "#2"}
			}
		},
		{
			"from": [8.5, 1, 3.25],
			"to": [15.5, 11, 4.25],
			"faces": {
				"north": {"uv": [7, 15, 8, 16], "texture": "#2"},
				"east": {"uv": [7, 15, 8, 16], "texture": "#2"},
				"south": {"uv": [7, 15, 8, 16], "texture": "#2"},
				"west": {"uv": [7, 15, 8, 16], "texture": "#2"},
				"up": {"uv": [7, 15, 8, 16], "texture": "#2"},
				"down": {"uv": [7, 15, 8, 16], "texture": "#2"}
			}
		},
		{
			"from": [0.75, 1, -2.75],
			"to": [7.75, 5, 3.25],
			"faces": {
				"north": {"uv": [7, 15, 8, 16], "texture": "#2"},
				"east": {"uv": [7, 15, 8, 16], "texture": "#2"},
				"south": {"uv": [7, 15, 8, 16], "texture": "#2"},
				"west": {"uv": [7, 15, 8, 16], "texture": "#2"},
				"up": {"uv": [7, 15, 8, 16], "texture": "#2"},
				"down": {"uv": [7, 15, 8, 16], "texture": "#2"}
			}
		},
		{
			"from": [0.75, 1, 3.25],
			"to": [7.75, 11, 4.25],
			"faces": {
				"north": {"uv": [7, 15, 8, 16], "texture": "#2"},
				"east": {"uv": [7, 15, 8, 16], "texture": "#2"},
				"south": {"uv": [7, 15, 8, 16], "texture": "#2"},
				"west": {"uv": [7, 15, 8, 16], "texture": "#2"},
				"up": {"uv": [7, 15, 8, 16], "texture": "#2"},
				"down": {"uv": [7, 15, 8, 16], "texture": "#2"}
			}
		},
		{
			"from": [2.5, 6.5, -7.25],
			"to": [3.5, 7.25, -5.25],
			"faces": {
				"north": {"uv": [9, 15, 10, 16], "texture": "#2"},
				"east": {"uv": [9, 15, 10, 16], "texture": "#2"},
				"south": {"uv": [9, 15, 10, 16], "texture": "#2"},
				"west": {"uv": [9, 15, 10, 16], "texture": "#2"},
				"up": {"uv": [9, 15, 10, 16], "texture": "#2"},
				"down": {"uv": [9, 15, 10, 16], "texture": "#2"}
			}
		},
		{
			"from": [1.75, 8.25, -5.25],
			"to": [2, 8.5, -4.75],
			"faces": {
				"north": {"uv": [9, 15, 10, 16], "texture": "#2"},
				"east": {"uv": [9, 15, 10, 16], "texture": "#2"},
				"south": {"uv": [9, 15, 10, 16], "texture": "#2"},
				"west": {"uv": [9, 15, 10, 16], "texture": "#2"},
				"up": {"uv": [9, 15, 10, 16], "texture": "#2"},
				"down": {"uv": [9, 15, 10, 16], "texture": "#2"}
			}
		},
		{
			"from": [1.5, 6.25, -5.25],
			"to": [1.75, 8.25, -4.75],
			"faces": {
				"north": {"uv": [9, 15, 10, 16], "texture": "#2"},
				"east": {"uv": [9, 15, 10, 16], "texture": "#2"},
				"south": {"uv": [9, 15, 10, 16], "texture": "#2"},
				"west": {"uv": [9, 15, 10, 16], "texture": "#2"},
				"up": {"uv": [9, 15, 10, 16], "texture": "#2"},
				"down": {"uv": [9, 15, 10, 16], "texture": "#2"}
			}
		},
		{
			"from": [2, 6.5, -5.25],
			"to": [4, 8, -4.75],
			"faces": {
				"north": {"uv": [9, 15, 10, 16], "texture": "#2"},
				"east": {"uv": [9, 15, 10, 16], "texture": "#2"},
				"south": {"uv": [9, 15, 10, 16], "texture": "#2"},
				"west": {"uv": [9, 15, 10, 16], "texture": "#2"},
				"up": {"uv": [9, 15, 10, 16], "texture": "#2"},
				"down": {"uv": [9, 15, 10, 16], "texture": "#2"}
			}
		},
		{
			"from": [2, 5.75, -5.25],
			"to": [4, 6, -4.75],
			"faces": {
				"north": {"uv": [9, 15, 10, 16], "texture": "#2"},
				"east": {"uv": [9, 15, 10, 16], "texture": "#2"},
				"south": {"uv": [9, 15, 10, 16], "texture": "#2"},
				"west": {"uv": [9, 15, 10, 16], "texture": "#2"},
				"up": {"uv": [9, 15, 10, 16], "texture": "#2"},
				"down": {"uv": [9, 15, 10, 16], "texture": "#2"}
			}
		},
		{
			"from": [1.75, 6, -5.25],
			"to": [2, 6.25, -4.75],
			"faces": {
				"north": {"uv": [9, 15, 10, 16], "texture": "#2"},
				"east": {"uv": [9, 15, 10, 16], "texture": "#2"},
				"south": {"uv": [9, 15, 10, 16], "texture": "#2"},
				"west": {"uv": [9, 15, 10, 16], "texture": "#2"},
				"up": {"uv": [9, 15, 10, 16], "texture": "#2"},
				"down": {"uv": [9, 15, 10, 16], "texture": "#2"}
			}
		},
		{
			"from": [4, 6, -5.25],
			"to": [4.25, 6.25, -4.75],
			"faces": {
				"north": {"uv": [9, 15, 10, 16], "texture": "#2"},
				"east": {"uv": [9, 15, 10, 16], "texture": "#2"},
				"south": {"uv": [9, 15, 10, 16], "texture": "#2"},
				"west": {"uv": [9, 15, 10, 16], "texture": "#2"},
				"up": {"uv": [9, 15, 10, 16], "texture": "#2"},
				"down": {"uv": [9, 15, 10, 16], "texture": "#2"}
			}
		},
		{
			"from": [4.25, 6.25, -5.25],
			"to": [4.5, 8.25, -4.75],
			"faces": {
				"north": {"uv": [9, 15, 10, 16], "texture": "#2"},
				"east": {"uv": [9, 15, 10, 16], "texture": "#2"},
				"south": {"uv": [9, 15, 10, 16], "texture": "#2"},
				"west": {"uv": [9, 15, 10, 16], "texture": "#2"},
				"up": {"uv": [9, 15, 10, 16], "texture": "#2"},
				"down": {"uv": [9, 15, 10, 16], "texture": "#2"}
			}
		},
		{
			"from": [4, 8.25, -5.25],
			"to": [4.25, 8.5, -4.75],
			"faces": {
				"north": {"uv": [9, 15, 10, 16], "texture": "#2"},
				"east": {"uv": [9, 15, 10, 16], "texture": "#2"},
				"south": {"uv": [9, 15, 10, 16], "texture": "#2"},
				"west": {"uv": [9, 15, 10, 16], "texture": "#2"},
				"up": {"uv": [9, 15, 10, 16], "texture": "#2"},
				"down": {"uv": [9, 15, 10, 16], "texture": "#2"}
			}
		},
		{
			"from": [2, 8.5, -5.25],
			"to": [4, 8.75, -4.75],
			"faces": {
				"north": {"uv": [9, 15, 10, 16], "texture": "#2"},
				"east": {"uv": [9, 15, 10, 16], "texture": "#2"},
				"south": {"uv": [9, 15, 10, 16], "texture": "#2"},
				"west": {"uv": [9, 15, 10, 16], "texture": "#2"},
				"up": {"uv": [9, 15, 10, 16], "texture": "#2"},
				"down": {"uv": [9, 15, 10, 16], "texture": "#2"}
			}
		}
	],
	"display": {
		"head": {
			"scale": [4, 4, 4],
			"translation": [16, 16, 32]
		},
		"gui": {
			"scale": [0.3, 0.3, 0.3],
			"translation": [0, 0, 0],
			"rotation": [25, 66, 0]
		}
	},
	"groups": [0, 1, 2, 3, 4, 5, 6, 7, 8, 9, 10, 11, 12, 13, 14, 15, 16, 17, 18, 19, 20, 21, 22, 23, 24, 25, 26, 27, 28,
		{
			"name": "chair",
			"isOpen": true,
			"shade": true,
			"display": {
				"visibility": true,
				"autouv": true
			},
			"children": [29, 30]
		},
		{
			"name": "chair",
			"isOpen": true,
			"shade": true,
			"display": {
				"visibility": true,
				"autouv": true
			},
			"children": [31, 32]
		},
		{
			"name": "steeringwheel",
			"isOpen": true,
			"shade": true,
			"display": {
				"visibility": true,
				"autouv": true
			},
			"children": [33, 34, 35, 36, 37, 38, 39, 40, 41, 42]
		}
	]
}