{
	"credit": "Made with Blockbench, a free, modern block model editor by JannisX11",
	"textures": {
		"0": "items/rgbsheet1",
		"1": "items/qavassets1",
		"2": "items/qavlicenseplates",
		"particle": "items/rgbsheet1"
	},
	"elements": [
		{
			"from": [1, 2, 7],
			"to": [7, 6.25, 13.5],
			"faces": {
				"north": {"uv": [4, 6, 5, 7], "texture": "#0"},
				"east": {"uv": [4, 6, 5, 7], "texture": "#0"},
				"south": {"uv": [4, 6, 5, 7], "texture": "#0"},
				"west": {"uv": [4, 6, 5, 7], "texture": "#0"},
				"up": {"uv": [4, 6, 5, 7], "texture": "#0"},
				"down": {"uv": [4, 6, 5, 7], "texture": "#0"}
			}
		},
		{
			"from": [1.75, 3.25, -9.75],
			"to": [6.25, 5.75, -9.25],
			"faces": {
				"north": {"uv": [4, 6, 5, 7], "texture": "#0"},
				"east": {"uv": [4, 6, 5, 7], "texture": "#0"},
				"south": {"uv": [4, 6, 5, 7], "texture": "#0"},
				"west": {"uv": [4, 6, 5, 7], "texture": "#0"},
				"up": {"uv": [4, 6, 5, 7], "texture": "#0"},
				"down": {"uv": [4, 6, 5, 7], "texture": "#0"}
			}
		},
		{
			"from": [1.75, 5.75, -9.25],
			"to": [6.25, 6.5, -3.75],
			"faces": {
				"north": {"uv": [4, 6, 5, 7], "texture": "#0"},
				"east": {"uv": [4, 6, 5, 7], "texture": "#0"},
				"south": {"uv": [4, 6, 5, 7], "texture": "#0"},
				"west": {"uv": [4, 6, 5, 7], "texture": "#0"},
				"up": {"uv": [4, 6, 5, 7], "texture": "#0"},
				"down": {"uv": [4, 6, 5, 7], "texture": "#0"}
			}
		},
		{
			"from": [1, 2.5, -9.25],
			"to": [7, 5.75, -3.75],
			"faces": {
				"north": {"uv": [4, 6, 5, 7], "texture": "#0"},
				"east": {"uv": [4, 6, 5, 7], "texture": "#0"},
				"south": {"uv": [4, 6, 5, 7], "texture": "#0"},
				"west": {"uv": [4, 6, 5, 7], "texture": "#0"},
				"up": {"uv": [4, 6, 5, 7], "texture": "#0"},
				"down": {"uv": [4, 6, 5, 7], "texture": "#0"}
			}
		},
		{
			"from": [1.25, 3.25, 13.5],
			"to": [6.75, 4.25, 13.6],
			"faces": {
				"north": {"uv": [4, 6, 5, 7], "texture": "#0"},
				"east": {"uv": [4, 6, 5, 7], "texture": "#0"},
				"south": {"uv": [0, 2, 8, 4], "texture": "#2"},
				"west": {"uv": [4, 6, 5, 7], "texture": "#0"},
				"up": {"uv": [4, 6, 5, 7], "texture": "#0"},
				"down": {"uv": [4, 6, 5, 7], "texture": "#0"}
			}
		},
		{
			"from": [6, 0.25, -0.5],
			"to": [7, 1.25, 16],
			"faces": {
				"north": {"uv": [10, 14, 11, 15], "texture": "#0"},
				"east": {"uv": [10, 14, 11, 15], "texture": "#0"},
				"south": {"uv": [10, 14, 11, 15], "texture": "#0"},
				"west": {"uv": [10, 14, 11, 15], "texture": "#0"},
				"up": {"uv": [10, 14, 11, 15], "texture": "#0"},
				"down": {"uv": [10, 14, 11, 15], "texture": "#0"}
			}
		},
		{
			"from": [3, 1.25, 3.25],
			"to": [5, 3, 6.75],
			"faces": {
				"north": {"uv": [9, 14, 10, 15], "texture": "#0"},
				"east": {"uv": [9, 14, 10, 15], "texture": "#0"},
				"south": {"uv": [9, 14, 10, 15], "texture": "#0"},
				"west": {"uv": [9, 14, 10, 15], "texture": "#0"},
				"up": {"uv": [9, 14, 10, 15], "texture": "#0"},
				"down": {"uv": [9, 14, 10, 15], "texture": "#0"}
			}
		},
		{
			"from": [2, 0.25, -2.75],
			"to": [6, 3, 3.75],
			"faces": {
				"north": {"uv": [9, 14, 10, 15], "texture": "#0"},
				"east": {"uv": [9, 14, 10, 15], "texture": "#0"},
				"south": {"uv": [9, 14, 10, 15], "texture": "#0"},
				"west": {"uv": [9, 14, 10, 15], "texture": "#0"},
				"up": {"uv": [9, 14, 10, 15], "texture": "#0"},
				"down": {"uv": [9, 14, 10, 15], "texture": "#0"}
			}
		},
		{
			"from": [-1, 7.75, -1.25],
			"to": [3.5, 8.5, -0.25],
			"rotation": {"angle": 45, "axis": "y", "origin": [1.5, 8.125, -0.75]},
			"faces": {
				"north": {"uv": [9, 14, 10, 15], "texture": "#0"},
				"east": {"uv": [9, 14, 10, 15], "texture": "#0"},
				"south": {"uv": [9, 14, 10, 15], "texture": "#0"},
				"west": {"uv": [9, 14, 10, 15], "texture": "#0"},
				"up": {"uv": [9, 14, 10, 15], "texture": "#0"},
				"down": {"uv": [9, 14, 10, 15], "texture": "#0"}
			}
		},
		{
			"from": [4.75, 7.75, -1],
			"to": [9, 8.5, 0],
			"rotation": {"angle": -45, "axis": "y", "origin": [7, 8.125, -0.75]},
			"faces": {
				"north": {"uv": [9, 14, 10, 15], "texture": "#0"},
				"east": {"uv": [9, 14, 10, 15], "texture": "#0"},
				"south": {"uv": [9, 14, 10, 15], "texture": "#0"},
				"west": {"uv": [9, 14, 10, 15], "texture": "#0"},
				"up": {"uv": [9, 14, 10, 15], "texture": "#0"},
				"down": {"uv": [9, 14, 10, 15], "texture": "#0"}
			}
		},
		{
			"from": [5, 6, -2.5],
			"to": [6, 7.75, -1.5],
			"faces": {
				"north": {"uv": [9, 14, 10, 15], "texture": "#0"},
				"east": {"uv": [9, 14, 10, 15], "texture": "#0"},
				"south": {"uv": [9, 14, 10, 15], "texture": "#0"},
				"west": {"uv": [9, 14, 10, 15], "texture": "#0"},
				"up": {"uv": [9, 14, 10, 15], "texture": "#0"},
				"down": {"uv": [9, 14, 10, 15], "texture": "#0"}
			}
		},
		{
			"from": [2, 6, -2.5],
			"to": [3, 7.75, -1.5],
			"faces": {
				"north": {"uv": [9, 14, 10, 15], "texture": "#0"},
				"east": {"uv": [9, 14, 10, 15], "texture": "#0"},
				"south": {"uv": [9, 14, 10, 15], "texture": "#0"},
				"west": {"uv": [9, 14, 10, 15], "texture": "#0"},
				"up": {"uv": [9, 14, 10, 15], "texture": "#0"},
				"down": {"uv": [9, 14, 10, 15], "texture": "#0"}
			}
		},
		{
			"from": [1, 3.5, -4.75],
			"to": [7, 6.75, -0.5],
			"faces": {
				"north": {"uv": [4, 6, 5, 7], "texture": "#0"},
				"east": {"uv": [4, 6, 5, 7], "texture": "#0"},
				"south": {"uv": [4, 6, 5, 7], "texture": "#0"},
				"west": {"uv": [4, 6, 5, 7], "texture": "#0"},
				"up": {"uv": [4, 6, 5, 7], "texture": "#0"},
				"down": {"uv": [4, 6, 5, 7], "texture": "#0"}
			}
		},
		{
			"from": [1, 0.75, -5.5],
			"to": [7, 5.5, -2.75],
			"faces": {
				"north": {"uv": [4, 6, 5, 7], "texture": "#0"},
				"east": {"uv": [4, 6, 5, 7], "texture": "#0"},
				"south": {"uv": [4, 6, 5, 7], "texture": "#0"},
				"west": {"uv": [4, 6, 5, 7], "texture": "#0"},
				"up": {"uv": [4, 6, 5, 7], "texture": "#0"},
				"down": {"uv": [4, 6, 5, 7], "texture": "#0"}
			}
		},
		{
			"from": [1, 2.75, -2.75],
			"to": [7, 3.75, 7.75],
			"faces": {
				"north": {"uv": [4, 6, 5, 7], "texture": "#0"},
				"east": {"uv": [4, 6, 5, 7], "texture": "#0"},
				"south": {"uv": [4, 6, 5, 7], "texture": "#0"},
				"west": {"uv": [4, 6, 5, 7], "texture": "#0"},
				"up": {"uv": [4, 6, 5, 7], "texture": "#0"},
				"down": {"uv": [4, 6, 5, 7], "texture": "#0"}
			}
		},
		{
			"from": [1, 3.75, 0],
			"to": [7, 4.75, 6],
			"faces": {
				"north": {"uv": [0, 4, 4, 8], "texture": "#1"},
				"east": {"uv": [0, 4, 4, 8], "texture": "#1"},
				"south": {"uv": [0, 4, 4, 8], "texture": "#1"},
				"west": {"uv": [0, 4, 4, 8], "texture": "#1"},
				"up": {"uv": [0, 4, 4, 8], "texture": "#1"},
				"down": {"uv": [0, 4, 4, 8], "texture": "#1"}
			}
		},
		{
			"from": [1, 3.75, 6],
			"to": [7, 5.5, 7],
			"faces": {
				"north": {"uv": [0, 4, 4, 8], "texture": "#1"},
				"east": {"uv": [0, 4, 4, 8], "texture": "#1"},
				"south": {"uv": [0, 4, 4, 8], "texture": "#1"},
				"west": {"uv": [0, 4, 4, 8], "texture": "#1"},
				"up": {"uv": [0, 4, 4, 8], "texture": "#1"},
				"down": {"uv": [0, 4, 4, 8], "texture": "#1"}
			}
		},
		{
			"from": [2, -2.25, -9.75],
			"to": [6, 3.75, -7.25],
			"rotation": {"angle": 0, "axis": "x", "origin": [4, 0.75, -8.5]},
			"faces": {
				"north": {"uv": [0, 12, 4, 16], "texture": "#1", "rotation": 180},
				"east": {"uv": [0, 9, 4, 11], "texture": "#1", "rotation": 90},
				"south": {"uv": [0, 12, 4, 16], "texture": "#1"},
				"west": {"uv": [0, 9, 4, 11], "texture": "#1", "rotation": 270},
				"up": {"uv": [0, 12, 4, 16], "texture": "#1"},
				"down": {"uv": [0, 12, 4, 16], "texture": "#1", "rotation": 180}
			}
		},
		{
			"from": [2, -0.5, -11.5],
			"to": [6, 2, -5.5],
			"rotation": {"angle": -45, "axis": "x", "origin": [4, 0.75, -8.5]},
			"faces": {
				"north": {"uv": [0, 12, 4, 16], "texture": "#1"},
				"east": {"uv": [0, 9, 4, 11], "texture": "#1"},
				"south": {"uv": [0, 12, 4, 16], "texture": "#1"},
				"west": {"uv": [0, 9, 4, 11], "texture": "#1"},
				"up": {"uv": [0, 12, 4, 16], "texture": "#1"},
				"down": {"uv": [0, 12, 4, 16], "texture": "#1"}
			}
		},
		{
			"from": [2, -0.5, -11.5],
			"to": [6, 2, -5.5],
			"rotation": {"angle": 45, "axis": "x", "origin": [4, 0.75, -8.5]},
			"faces": {
				"north": {"uv": [0, 12, 4, 16], "texture": "#1"},
				"east": {"uv": [0, 9, 4, 11], "texture": "#1"},
				"south": {"uv": [0, 12, 4, 16], "texture": "#1"},
				"west": {"uv": [0, 9, 4, 11], "texture": "#1"},
				"up": {"uv": [0, 12, 4, 16], "texture": "#1"},
				"down": {"uv": [0, 12, 4, 16], "texture": "#1"}
			}
		},
		{
			"from": [2, -0.5, -11.5],
			"to": [6, 2, -5.5],
			"faces": {
				"north": {"uv": [0, 12, 4, 16], "texture": "#1"},
				"east": {"uv": [0, 9, 4, 11], "texture": "#1"},
				"south": {"uv": [0, 12, 4, 16], "texture": "#1"},
				"west": {"uv": [0, 9, 4, 11], "texture": "#1"},
				"up": {"uv": [0, 12, 4, 16], "texture": "#1"},
				"down": {"uv": [0, 12, 4, 16], "texture": "#1"}
			}
		},
		{
			"from": [2, -2.25, 10.25],
			"to": [6, 3.75, 12.75],
			"rotation": {"angle": 0, "axis": "x", "origin": [4, 0.75, 11.5]},
			"faces": {
				"north": {"uv": [0, 12, 4, 16], "texture": "#1", "rotation": 180},
				"east": {"uv": [0, 9, 4, 11], "texture": "#1", "rotation": 90},
				"south": {"uv": [0, 12, 4, 16], "texture": "#1"},
				"west": {"uv": [0, 9, 4, 11], "texture": "#1", "rotation": 270},
				"up": {"uv": [0, 12, 4, 16], "texture": "#1"},
				"down": {"uv": [0, 12, 4, 16], "texture": "#1", "rotation": 180}
			}
		},
		{
			"from": [2, -0.5, 8.5],
			"to": [6, 2, 14.5],
			"rotation": {"angle": -45, "axis": "x", "origin": [4, 0.75, 11.5]},
			"faces": {
				"north": {"uv": [0, 12, 4, 16], "texture": "#1"},
				"east": {"uv": [0, 9, 4, 11], "texture": "#1"},
				"south": {"uv": [0, 12, 4, 16], "texture": "#1"},
				"west": {"uv": [0, 9, 4, 11], "texture": "#1"},
				"up": {"uv": [0, 12, 4, 16], "texture": "#1"},
				"down": {"uv": [0, 12, 4, 16], "texture": "#1"}
			}
		},
		{
			"from": [2, -0.5, 8.5],
			"to": [6, 2, 14.5],
			"rotation": {"angle": 45, "axis": "x", "origin": [4, 0.75, 11.5]},
			"faces": {
				"north": {"uv": [0, 12, 4, 16], "texture": "#1"},
				"east": {"uv": [0, 9, 4, 11], "texture": "#1"},
				"south": {"uv": [0, 12, 4, 16], "texture": "#1"},
				"west": {"uv": [0, 9, 4, 11], "texture": "#1"},
				"up": {"uv": [0, 12, 4, 16], "texture": "#1"},
				"down": {"uv": [0, 12, 4, 16], "texture": "#1"}
			}
		},
		{
			"from": [2, -0.5, 8.5],
			"to": [6, 2, 14.5],
			"faces": {
				"north": {"uv": [0, 12, 4, 16], "texture": "#1"},
				"east": {"uv": [0, 9, 4, 11], "texture": "#1"},
				"south": {"uv": [0, 12, 4, 16], "texture": "#1"},
				"west": {"uv": [0, 9, 4, 11], "texture": "#1"},
				"up": {"uv": [0, 12, 4, 16], "texture": "#1"},
				"down": {"uv": [0, 12, 4, 16], "texture": "#1"}
			}
		}
	],
	"display": {
		"head": {
			"scale": [4, 4, 4],
			"translation": [15.5, 11, 19]
		},
		"gui": {
			"scale": [0.3, 0.3, 0.3],
			"translation": [0, 0, 0],
			"rotation": [22, 57, 0]
		}
	},
	"groups": [0, 1, 2, 3, 4, 5, 6, 7, 8, 9, 10, 11, 12, 13, 14,
		{
			"name": "chair",
			"isOpen": true,
			"shade": true,
			"display": {
				"visibility": true,
				"autouv": true
			},
			"children": [15, 16]
		},
		{
			"name": "group",
			"isOpen": true,
			"shade": true,
			"display": {
				"visibility": true,
				"autouv": true
			},
			"children": [17, 18, 19, 20]
		},
		{
			"name": "group",
			"shade": true,
			"display": {
				"visibility": true,
				"autouv": true
			},
			"children": [21, 22, 23, 24]
		}
	]
}