{
	"credit": "Made with Blockbench, a free, modern block model editor by JannisX11",
	"textures": {
		"0": "items/rgbsheet1",
		"particle": "items/rgbsheet1"
	},
	"elements": [
		{
			"name": "Metal",
			"from": [7.05, 4.5, 7.25],
			"to": [9.05, 4.75, 10.5],
			"faces": {
				"north": {"uv": [8, 15, 9, 16], "texture": "#0"},
				"east": {"uv": [8, 15, 9, 16], "texture": "#0"},
				"south": {"uv": [8, 15, 9, 16], "texture": "#0"},
				"west": {"uv": [8, 15, 9, 16], "texture": "#0"},
				"up": {"uv": [8, 15, 9, 16], "texture": "#0"},
				"down": {"uv": [8, 15, 9, 16], "texture": "#0"}
			}
		},
		{
			"name": "Metal",
			"from": [7.05, 5, 9],
			"to": [9.05, 7.25, 9.25],
			"faces": {
				"north": {"uv": [10, 14, 11, 15], "texture": "#0"},
				"east": {"uv": [10, 14, 11, 15], "texture": "#0"},
				"south": {"uv": [10, 14, 11, 15], "texture": "#0"},
				"west": {"uv": [10, 14, 11, 15], "texture": "#0"},
				"up": {"uv": [10, 14, 11, 15], "texture": "#0"},
				"down": {"uv": [10, 14, 11, 15], "texture": "#0"}
			}
		},
		{
			"name": "Metal",
			"from": [7.05, 5, 8],
			"to": [9.05, 7.25, 8.25],
			"faces": {
				"north": {"uv": [10, 14, 11, 15], "texture": "#0"},
				"east": {"uv": [10, 14, 11, 15], "texture": "#0"},
				"south": {"uv": [10, 14, 11, 15], "texture": "#0"},
				"west": {"uv": [10, 14, 11, 15], "texture": "#0"},
				"up": {"uv": [10, 14, 11, 15], "texture": "#0"},
				"down": {"uv": [10, 14, 11, 15], "texture": "#0"}
			}
		},
		{
			"name": "Metal",
			"from": [7.05, 4.75, 7],
			"to": [9.05, 7.25, 7.25],
			"faces": {
				"north": {"uv": [8, 15, 9, 16], "texture": "#0"},
				"east": {"uv": [8, 15, 9, 16], "texture": "#0"},
				"south": {"uv": [8, 15, 9, 16], "texture": "#0"},
				"west": {"uv": [8, 15, 9, 16], "texture": "#0"},
				"up": {"uv": [8, 15, 9, 16], "texture": "#0"},
				"down": {"uv": [8, 15, 9, 16], "texture": "#0"}
			}
		},
		{
			"name": "Metal",
			"from": [6.3, 6.75, 6],
			"to": [6.8, 8.25, 10],
			"faces": {
				"north": {"uv": [8, 15, 9, 16], "texture": "#0"},
				"east": {"uv": [8, 15, 9, 16], "texture": "#0"},
				"south": {"uv": [8, 15, 9, 16], "texture": "#0"},
				"west": {"uv": [8, 15, 9, 16], "texture": "#0"},
				"up": {"uv": [8, 15, 9, 16], "texture": "#0"},
				"down": {"uv": [8, 15, 9, 16], "texture": "#0"}
			}
		},
		{
			"name": "Metal",
			"from": [7.3, 2.5, -1.75],
			"to": [8.8, 3.25, 3.75],
			"rotation": {"angle": 22.5, "axis": "x", "origin": [8.05, 2.5, 1.75]},
			"faces": {
				"north": {"uv": [10, 14, 11, 15], "texture": "#0"},
				"east": {"uv": [10, 14, 11, 15], "texture": "#0"},
				"south": {"uv": [10, 14, 11, 15], "texture": "#0"},
				"west": {"uv": [10, 14, 11, 15], "texture": "#0"},
				"up": {"uv": [10, 14, 11, 15], "texture": "#0"},
				"down": {"uv": [10, 14, 11, 15], "texture": "#0"}
			}
		},
		{
			"name": "Metal",
			"from": [7.3, 9, 4],
			"to": [9.05, 9.5, 16],
			"rotation": {"angle": -22.5, "axis": "x", "origin": [8.05, 7, 2.25]},
			"faces": {
				"north": {"uv": [5, 6, 6, 7], "texture": "#0"},
				"east": {"uv": [5, 6, 6, 7], "texture": "#0"},
				"south": {"uv": [5, 6, 6, 7], "texture": "#0"},
				"west": {"uv": [5, 6, 6, 7], "texture": "#0"},
				"up": {"uv": [5, 6, 6, 7], "texture": "#0"},
				"down": {"uv": [5, 6, 6, 7], "texture": "#0"}
			}
		},
		{
			"name": "Metal",
			"from": [6.3, -0.5, 5.25],
			"to": [9.8, 1.5, 14.25],
			"rotation": {"angle": 0, "axis": "x", "origin": [8.05, 1.25, 1.5]},
			"faces": {
				"north": {"uv": [5, 6, 6, 7], "texture": "#0"},
				"east": {"uv": [5, 6, 6, 7], "texture": "#0"},
				"south": {"uv": [5, 6, 6, 7], "texture": "#0"},
				"west": {"uv": [5, 6, 6, 7], "texture": "#0"},
				"up": {"uv": [5, 6, 6, 7], "texture": "#0"},
				"down": {"uv": [5, 6, 6, 7], "texture": "#0"}
			}
		},
		{
			"name": "Metal",
			"from": [6.3, 1.25, 3.25],
			"to": [9.8, 3.25, 5.75],
			"rotation": {"angle": 22.5, "axis": "x", "origin": [8.05, 1.25, 1.5]},
			"faces": {
				"north": {"uv": [5, 6, 6, 7], "texture": "#0"},
				"east": {"uv": [5, 6, 6, 7], "texture": "#0"},
				"south": {"uv": [5, 6, 6, 7], "texture": "#0"},
				"west": {"uv": [5, 6, 6, 7], "texture": "#0"},
				"up": {"uv": [5, 6, 6, 7], "texture": "#0"},
				"down": {"uv": [5, 6, 6, 7], "texture": "#0"}
			}
		},
		{
			"name": "Metal",
			"from": [6.81, 6.25, 6],
			"to": [9.31, 7, 14.25],
			"rotation": {"angle": -22.5, "axis": "x", "origin": [8.06, 7, 2.25]},
			"faces": {
				"north": {"uv": [5, 6, 6, 7], "texture": "#0"},
				"east": {"uv": [5, 6, 6, 7], "texture": "#0"},
				"south": {"uv": [5, 6, 6, 7], "texture": "#0"},
				"west": {"uv": [5, 6, 6, 7], "texture": "#0"},
				"up": {"uv": [5, 6, 6, 7], "texture": "#0"},
				"down": {"uv": [5, 6, 6, 7], "texture": "#0"}
			}
		},
		{
			"name": "Metal",
			"from": [6.3, 7, 4],
			"to": [9.8, 9, 16],
			"rotation": {"angle": -22.5, "axis": "x", "origin": [8.05, 7, 2.25]},
			"faces": {
				"north": {"uv": [5, 6, 6, 7], "texture": "#0"},
				"east": {"uv": [5, 6, 6, 7], "texture": "#0"},
				"south": {"uv": [5, 6, 6, 7], "texture": "#0"},
				"west": {"uv": [5, 6, 6, 7], "texture": "#0"},
				"up": {"uv": [5, 6, 6, 7], "texture": "#0"},
				"down": {"uv": [5, 6, 6, 7], "texture": "#0"}
			}
		},
		{
			"name": "Metal",
			"from": [7.3, 7.5, -1.25],
			"to": [8.8, 8.25, 4],
			"rotation": {"angle": -22.5, "axis": "x", "origin": [8.05, 7, 2.25]},
			"faces": {
				"north": {"uv": [10, 14, 11, 15], "texture": "#0"},
				"east": {"uv": [10, 14, 11, 15], "texture": "#0"},
				"south": {"uv": [10, 14, 11, 15], "texture": "#0"},
				"west": {"uv": [10, 14, 11, 15], "texture": "#0"},
				"up": {"uv": [10, 14, 11, 15], "texture": "#0"},
				"down": {"uv": [10, 14, 11, 15], "texture": "#0"}
			}
		},
		{
			"name": "Metal",
			"from": [7.3, 3, 0.75],
			"to": [8.8, 7.75, 3.75],
			"faces": {
				"north": {"uv": [10, 14, 11, 15], "texture": "#0"},
				"east": {"uv": [10, 14, 11, 15], "texture": "#0"},
				"south": {"uv": [10, 14, 11, 15], "texture": "#0"},
				"west": {"uv": [10, 14, 11, 15], "texture": "#0"},
				"up": {"uv": [10, 14, 11, 15], "texture": "#0"},
				"down": {"uv": [10, 14, 11, 15], "texture": "#0"}
			}
		},
		{
			"name": "Metal",
			"from": [7.08, 2.75, 10.5],
			"to": [9.08, 11.5, 12.25],
			"faces": {
				"north": {"uv": [8, 15, 9, 16], "texture": "#0"},
				"east": {"uv": [8, 15, 9, 16], "texture": "#0"},
				"south": {"uv": [8, 15, 9, 16], "texture": "#0"},
				"west": {"uv": [8, 15, 9, 16], "texture": "#0"},
				"up": {"uv": [8, 15, 9, 16], "texture": "#0"},
				"down": {"uv": [8, 15, 9, 16], "texture": "#0"}
			}
		},
		{
			"name": "Metal",
			"from": [6.8, 6, 5],
			"to": [9.3, 8.5, 10.5],
			"faces": {
				"north": {"uv": [8, 15, 9, 16], "texture": "#0"},
				"east": {"uv": [8, 15, 9, 16], "texture": "#0"},
				"south": {"uv": [8, 15, 9, 16], "texture": "#0"},
				"west": {"uv": [8, 15, 9, 16], "texture": "#0"},
				"up": {"uv": [8, 15, 9, 16], "texture": "#0"},
				"down": {"uv": [8, 15, 9, 16], "texture": "#0"}
			}
		},
		{
			"name": "crystal",
			"from": [8.8, 16, 8.75],
			"to": [9.55, 16.75, 9.5],
			"rotation": {"angle": 22.5, "axis": "x", "origin": [8.8, 11.5, 4.75]},
			"faces": {
				"north": {"uv": [5, 8, 6, 9], "texture": "#0"},
				"east": {"uv": [5, 8, 6, 9], "texture": "#0"},
				"south": {"uv": [5, 8, 6, 9], "texture": "#0"},
				"west": {"uv": [5, 8, 6, 9], "texture": "#0"},
				"up": {"uv": [5, 8, 6, 9], "texture": "#0"},
				"down": {"uv": [5, 8, 6, 9], "texture": "#0"}
			}
		},
		{
			"name": "crystal",
			"from": [8.8, 15.5, 8.75],
			"to": [9.55, 16, 9.5],
			"rotation": {"angle": 22.5, "axis": "x", "origin": [8.8, 11.5, 4.75]},
			"faces": {
				"north": {"uv": [5, 7, 6, 8], "texture": "#0"},
				"east": {"uv": [5, 7, 6, 8], "texture": "#0"},
				"south": {"uv": [5, 7, 6, 8], "texture": "#0"},
				"west": {"uv": [5, 7, 6, 8], "texture": "#0"},
				"up": {"uv": [5, 7, 6, 8], "texture": "#0"},
				"down": {"uv": [5, 7, 6, 8], "texture": "#0"}
			}
		},
		{
			"name": "crystal",
			"from": [8.8, 15, 8.75],
			"to": [9.55, 15.5, 9.5],
			"rotation": {"angle": 22.5, "axis": "x", "origin": [8.8, 11.5, 4.75]},
			"faces": {
				"north": {"uv": [6, 7, 7, 8], "texture": "#0"},
				"east": {"uv": [6, 7, 7, 8], "texture": "#0"},
				"south": {"uv": [6, 7, 7, 8], "texture": "#0"},
				"west": {"uv": [6, 7, 7, 8], "texture": "#0"},
				"up": {"uv": [6, 7, 7, 8], "texture": "#0"},
				"down": {"uv": [6, 7, 7, 8], "texture": "#0"}
			}
		},
		{
			"name": "crystal",
			"from": [8.8, 13.5, 8.75],
			"to": [9.55, 15, 9.5],
			"rotation": {"angle": 22.5, "axis": "x", "origin": [8.8, 11.5, 4.75]},
			"faces": {
				"north": {"uv": [6, 8, 7, 9], "texture": "#0"},
				"east": {"uv": [6, 8, 7, 9], "texture": "#0"},
				"south": {"uv": [6, 8, 7, 9], "texture": "#0"},
				"west": {"uv": [6, 8, 7, 9], "texture": "#0"},
				"up": {"uv": [6, 8, 7, 9], "texture": "#0"},
				"down": {"uv": [6, 8, 7, 9], "texture": "#0"}
			}
		},
		{
			"name": "crystal",
			"from": [8.05, 14.25, 3.25],
			"to": [8.8, 15, 4],
			"rotation": {"angle": 22.5, "axis": "x", "origin": [8.05, 9.75, -0.75]},
			"faces": {
				"north": {"uv": [5, 8, 6, 9], "texture": "#0"},
				"east": {"uv": [5, 8, 6, 9], "texture": "#0"},
				"south": {"uv": [5, 8, 6, 9], "texture": "#0"},
				"west": {"uv": [5, 8, 6, 9], "texture": "#0"},
				"up": {"uv": [5, 8, 6, 9], "texture": "#0"},
				"down": {"uv": [5, 8, 6, 9], "texture": "#0"}
			}
		},
		{
			"name": "crystal",
			"from": [8.05, 13.75, 3.25],
			"to": [8.8, 14.25, 4],
			"rotation": {"angle": 22.5, "axis": "x", "origin": [8.05, 9.75, -0.75]},
			"faces": {
				"north": {"uv": [5, 7, 6, 8], "texture": "#0"},
				"east": {"uv": [5, 7, 6, 8], "texture": "#0"},
				"south": {"uv": [5, 7, 6, 8], "texture": "#0"},
				"west": {"uv": [5, 7, 6, 8], "texture": "#0"},
				"up": {"uv": [5, 7, 6, 8], "texture": "#0"},
				"down": {"uv": [5, 7, 6, 8], "texture": "#0"}
			}
		},
		{
			"name": "crystal",
			"from": [8.05, 13.25, 3.25],
			"to": [8.8, 13.75, 4],
			"rotation": {"angle": 22.5, "axis": "x", "origin": [8.05, 9.75, -0.75]},
			"faces": {
				"north": {"uv": [6, 7, 7, 8], "texture": "#0"},
				"east": {"uv": [6, 7, 7, 8], "texture": "#0"},
				"south": {"uv": [6, 7, 7, 8], "texture": "#0"},
				"west": {"uv": [6, 7, 7, 8], "texture": "#0"},
				"up": {"uv": [6, 7, 7, 8], "texture": "#0"},
				"down": {"uv": [6, 7, 7, 8], "texture": "#0"}
			}
		},
		{
			"name": "crystal",
			"from": [8.05, 11.75, 3.25],
			"to": [8.8, 13.25, 4],
			"rotation": {"angle": 22.5, "axis": "x", "origin": [8.05, 9.75, -0.75]},
			"faces": {
				"north": {"uv": [6, 8, 7, 9], "texture": "#0"},
				"east": {"uv": [6, 8, 7, 9], "texture": "#0"},
				"south": {"uv": [6, 8, 7, 9], "texture": "#0"},
				"west": {"uv": [6, 8, 7, 9], "texture": "#0"},
				"up": {"uv": [6, 8, 7, 9], "texture": "#0"},
				"down": {"uv": [6, 8, 7, 9], "texture": "#0"}
			}
		},
		{
			"name": "crystal",
			"from": [8.05, 16.75, 10],
			"to": [8.8, 17.5, 10.75],
			"rotation": {"angle": 22.5, "axis": "x", "origin": [8.05, 12.25, 6]},
			"faces": {
				"north": {"uv": [5, 8, 6, 9], "texture": "#0"},
				"east": {"uv": [5, 8, 6, 9], "texture": "#0"},
				"south": {"uv": [5, 8, 6, 9], "texture": "#0"},
				"west": {"uv": [5, 8, 6, 9], "texture": "#0"},
				"up": {"uv": [5, 8, 6, 9], "texture": "#0"},
				"down": {"uv": [5, 8, 6, 9], "texture": "#0"}
			}
		},
		{
			"name": "crystal",
			"from": [8.05, 16.25, 10],
			"to": [8.8, 16.75, 10.75],
			"rotation": {"angle": 22.5, "axis": "x", "origin": [8.05, 12.25, 6]},
			"faces": {
				"north": {"uv": [5, 7, 6, 8], "texture": "#0"},
				"east": {"uv": [5, 7, 6, 8], "texture": "#0"},
				"south": {"uv": [5, 7, 6, 8], "texture": "#0"},
				"west": {"uv": [5, 7, 6, 8], "texture": "#0"},
				"up": {"uv": [5, 7, 6, 8], "texture": "#0"},
				"down": {"uv": [5, 7, 6, 8], "texture": "#0"}
			}
		},
		{
			"name": "crystal",
			"from": [8.05, 15.75, 10],
			"to": [8.8, 16.25, 10.75],
			"rotation": {"angle": 22.5, "axis": "x", "origin": [8.05, 12.25, 6]},
			"faces": {
				"north": {"uv": [6, 7, 7, 8], "texture": "#0"},
				"east": {"uv": [6, 7, 7, 8], "texture": "#0"},
				"south": {"uv": [6, 7, 7, 8], "texture": "#0"},
				"west": {"uv": [6, 7, 7, 8], "texture": "#0"},
				"up": {"uv": [6, 7, 7, 8], "texture": "#0"},
				"down": {"uv": [6, 7, 7, 8], "texture": "#0"}
			}
		},
		{
			"name": "crystal",
			"from": [8.05, 14.25, 10],
			"to": [8.8, 15.75, 10.75],
			"rotation": {"angle": 22.5, "axis": "x", "origin": [8.05, 12.25, 6]},
			"faces": {
				"north": {"uv": [6, 8, 7, 9], "texture": "#0"},
				"east": {"uv": [6, 8, 7, 9], "texture": "#0"},
				"south": {"uv": [6, 8, 7, 9], "texture": "#0"},
				"west": {"uv": [6, 8, 7, 9], "texture": "#0"},
				"up": {"uv": [6, 8, 7, 9], "texture": "#0"},
				"down": {"uv": [6, 8, 7, 9], "texture": "#0"}
			}
		},
		{
			"name": "crystal",
			"from": [9.05, 15.25, 6.25],
			"to": [9.8, 16, 7],
			"rotation": {"angle": 22.5, "axis": "x", "origin": [9.05, 10.75, 2.25]},
			"faces": {
				"north": {"uv": [5, 8, 6, 9], "texture": "#0"},
				"east": {"uv": [5, 8, 6, 9], "texture": "#0"},
				"south": {"uv": [5, 8, 6, 9], "texture": "#0"},
				"west": {"uv": [5, 8, 6, 9], "texture": "#0"},
				"up": {"uv": [5, 8, 6, 9], "texture": "#0"},
				"down": {"uv": [5, 8, 6, 9], "texture": "#0"}
			}
		},
		{
			"name": "crystal",
			"from": [9.05, 14.75, 6.25],
			"to": [9.8, 15.25, 7],
			"rotation": {"angle": 22.5, "axis": "x", "origin": [9.05, 10.75, 2.25]},
			"faces": {
				"north": {"uv": [5, 7, 6, 8], "texture": "#0"},
				"east": {"uv": [5, 7, 6, 8], "texture": "#0"},
				"south": {"uv": [5, 7, 6, 8], "texture": "#0"},
				"west": {"uv": [5, 7, 6, 8], "texture": "#0"},
				"up": {"uv": [5, 7, 6, 8], "texture": "#0"},
				"down": {"uv": [5, 7, 6, 8], "texture": "#0"}
			}
		},
		{
			"name": "crystal",
			"from": [9.05, 14.25, 6.25],
			"to": [9.8, 14.75, 7],
			"rotation": {"angle": 22.5, "axis": "x", "origin": [9.05, 10.75, 2.25]},
			"faces": {
				"north": {"uv": [6, 7, 7, 8], "texture": "#0"},
				"east": {"uv": [6, 7, 7, 8], "texture": "#0"},
				"south": {"uv": [6, 7, 7, 8], "texture": "#0"},
				"west": {"uv": [6, 7, 7, 8], "texture": "#0"},
				"up": {"uv": [6, 7, 7, 8], "texture": "#0"},
				"down": {"uv": [6, 7, 7, 8], "texture": "#0"}
			}
		},
		{
			"name": "crystal",
			"from": [9.05, 12.75, 6.25],
			"to": [9.8, 14.25, 7],
			"rotation": {"angle": 22.5, "axis": "x", "origin": [9.05, 10.75, 2.25]},
			"faces": {
				"north": {"uv": [6, 8, 7, 9], "texture": "#0"},
				"east": {"uv": [6, 8, 7, 9], "texture": "#0"},
				"south": {"uv": [6, 8, 7, 9], "texture": "#0"},
				"west": {"uv": [6, 8, 7, 9], "texture": "#0"},
				"up": {"uv": [6, 8, 7, 9], "texture": "#0"},
				"down": {"uv": [6, 8, 7, 9], "texture": "#0"}
			}
		},
		{
			"name": "crystal",
			"from": [6.55, 14.5, 5.25],
			"to": [7.3, 15.25, 6],
			"rotation": {"angle": 22.5, "axis": "x", "origin": [6.55, 10, 1.25]},
			"faces": {
				"north": {"uv": [5, 8, 6, 9], "texture": "#0"},
				"east": {"uv": [5, 8, 6, 9], "texture": "#0"},
				"south": {"uv": [5, 8, 6, 9], "texture": "#0"},
				"west": {"uv": [5, 8, 6, 9], "texture": "#0"},
				"up": {"uv": [5, 8, 6, 9], "texture": "#0"},
				"down": {"uv": [5, 8, 6, 9], "texture": "#0"}
			}
		},
		{
			"name": "crystal",
			"from": [6.55, 14, 5.25],
			"to": [7.3, 14.5, 6],
			"rotation": {"angle": 22.5, "axis": "x", "origin": [6.55, 10, 1.25]},
			"faces": {
				"north": {"uv": [5, 7, 6, 8], "texture": "#0"},
				"east": {"uv": [5, 7, 6, 8], "texture": "#0"},
				"south": {"uv": [5, 7, 6, 8], "texture": "#0"},
				"west": {"uv": [5, 7, 6, 8], "texture": "#0"},
				"up": {"uv": [5, 7, 6, 8], "texture": "#0"},
				"down": {"uv": [5, 7, 6, 8], "texture": "#0"}
			}
		},
		{
			"name": "crystal",
			"from": [6.55, 13.5, 5.25],
			"to": [7.3, 14, 6],
			"rotation": {"angle": 22.5, "axis": "x", "origin": [6.55, 10, 1.25]},
			"faces": {
				"north": {"uv": [6, 7, 7, 8], "texture": "#0"},
				"east": {"uv": [6, 7, 7, 8], "texture": "#0"},
				"south": {"uv": [6, 7, 7, 8], "texture": "#0"},
				"west": {"uv": [6, 7, 7, 8], "texture": "#0"},
				"up": {"uv": [6, 7, 7, 8], "texture": "#0"},
				"down": {"uv": [6, 7, 7, 8], "texture": "#0"}
			}
		},
		{
			"name": "crystal",
			"from": [6.55, 12, 5.25],
			"to": [7.3, 13.5, 6],
			"rotation": {"angle": 22.5, "axis": "x", "origin": [6.55, 10, 1.25]},
			"faces": {
				"north": {"uv": [6, 8, 7, 9], "texture": "#0"},
				"east": {"uv": [6, 8, 7, 9], "texture": "#0"},
				"south": {"uv": [6, 8, 7, 9], "texture": "#0"},
				"west": {"uv": [6, 8, 7, 9], "texture": "#0"},
				"up": {"uv": [6, 8, 7, 9], "texture": "#0"},
				"down": {"uv": [6, 8, 7, 9], "texture": "#0"}
			}
		},
		{
			"name": "crystal",
			"from": [6.55, 15.25, 8],
			"to": [7.3, 16, 8.75],
			"rotation": {"angle": 22.5, "axis": "x", "origin": [6.55, 10.75, 4]},
			"faces": {
				"north": {"uv": [5, 8, 6, 9], "texture": "#0"},
				"east": {"uv": [5, 8, 6, 9], "texture": "#0"},
				"south": {"uv": [5, 8, 6, 9], "texture": "#0"},
				"west": {"uv": [5, 8, 6, 9], "texture": "#0"},
				"up": {"uv": [5, 8, 6, 9], "texture": "#0"},
				"down": {"uv": [5, 8, 6, 9], "texture": "#0"}
			}
		},
		{
			"name": "crystal",
			"from": [6.55, 14.75, 8],
			"to": [7.3, 15.25, 8.75],
			"rotation": {"angle": 22.5, "axis": "x", "origin": [6.55, 10.75, 4]},
			"faces": {
				"north": {"uv": [5, 7, 6, 8], "texture": "#0"},
				"east": {"uv": [5, 7, 6, 8], "texture": "#0"},
				"south": {"uv": [5, 7, 6, 8], "texture": "#0"},
				"west": {"uv": [5, 7, 6, 8], "texture": "#0"},
				"up": {"uv": [5, 7, 6, 8], "texture": "#0"},
				"down": {"uv": [5, 7, 6, 8], "texture": "#0"}
			}
		},
		{
			"name": "crystal",
			"from": [6.55, 14.25, 8],
			"to": [7.3, 14.75, 8.75],
			"rotation": {"angle": 22.5, "axis": "x", "origin": [6.55, 10.75, 4]},
			"faces": {
				"north": {"uv": [6, 7, 7, 8], "texture": "#0"},
				"east": {"uv": [6, 7, 7, 8], "texture": "#0"},
				"south": {"uv": [6, 7, 7, 8], "texture": "#0"},
				"west": {"uv": [6, 7, 7, 8], "texture": "#0"},
				"up": {"uv": [6, 7, 7, 8], "texture": "#0"},
				"down": {"uv": [6, 7, 7, 8], "texture": "#0"}
			}
		},
		{
			"name": "crystal",
			"from": [6.55, 12.75, 8],
			"to": [7.3, 14.25, 8.75],
			"rotation": {"angle": 22.5, "axis": "x", "origin": [6.55, 10.75, 4]},
			"faces": {
				"north": {"uv": [6, 8, 7, 9], "texture": "#0"},
				"east": {"uv": [6, 8, 7, 9], "texture": "#0"},
				"south": {"uv": [6, 8, 7, 9], "texture": "#0"},
				"west": {"uv": [6, 8, 7, 9], "texture": "#0"},
				"up": {"uv": [6, 8, 7, 9], "texture": "#0"},
				"down": {"uv": [6, 8, 7, 9], "texture": "#0"}
			}
		},
		{
			"name": "crystal",
			"from": [7.55, 15.25, 6.25],
			"to": [8.3, 16, 7],
			"rotation": {"angle": 22.5, "axis": "x", "origin": [7.55, 10.75, 2.25]},
			"faces": {
				"north": {"uv": [5, 8, 6, 9], "texture": "#0"},
				"east": {"uv": [5, 8, 6, 9], "texture": "#0"},
				"south": {"uv": [5, 8, 6, 9], "texture": "#0"},
				"west": {"uv": [5, 8, 6, 9], "texture": "#0"},
				"up": {"uv": [5, 8, 6, 9], "texture": "#0"},
				"down": {"uv": [5, 8, 6, 9], "texture": "#0"}
			}
		},
		{
			"name": "crystal",
			"from": [7.55, 14.75, 6.25],
			"to": [8.3, 15.25, 7],
			"rotation": {"angle": 22.5, "axis": "x", "origin": [7.55, 10.75, 2.25]},
			"faces": {
				"north": {"uv": [5, 7, 6, 8], "texture": "#0"},
				"east": {"uv": [5, 7, 6, 8], "texture": "#0"},
				"south": {"uv": [5, 7, 6, 8], "texture": "#0"},
				"west": {"uv": [5, 7, 6, 8], "texture": "#0"},
				"up": {"uv": [5, 7, 6, 8], "texture": "#0"},
				"down": {"uv": [5, 7, 6, 8], "texture": "#0"}
			}
		},
		{
			"name": "crystal",
			"from": [7.55, 14.25, 6.25],
			"to": [8.3, 14.75, 7],
			"rotation": {"angle": 22.5, "axis": "x", "origin": [7.55, 10.75, 2.25]},
			"faces": {
				"north": {"uv": [6, 7, 7, 8], "texture": "#0"},
				"east": {"uv": [6, 7, 7, 8], "texture": "#0"},
				"south": {"uv": [6, 7, 7, 8], "texture": "#0"},
				"west": {"uv": [6, 7, 7, 8], "texture": "#0"},
				"up": {"uv": [6, 7, 7, 8], "texture": "#0"},
				"down": {"uv": [6, 7, 7, 8], "texture": "#0"}
			}
		},
		{
			"name": "crystal",
			"from": [7.55, 12.75, 6.25],
			"to": [8.3, 14.25, 7],
			"rotation": {"angle": 22.5, "axis": "x", "origin": [7.55, 10.75, 2.25]},
			"faces": {
				"north": {"uv": [6, 8, 7, 9], "texture": "#0"},
				"east": {"uv": [6, 8, 7, 9], "texture": "#0"},
				"south": {"uv": [6, 8, 7, 9], "texture": "#0"},
				"west": {"uv": [6, 8, 7, 9], "texture": "#0"},
				"up": {"uv": [6, 8, 7, 9], "texture": "#0"},
				"down": {"uv": [6, 8, 7, 9], "texture": "#0"}
			}
		},
		{
			"name": "crystal",
			"from": [8.3, 15.75, 7.5],
			"to": [9.05, 16.5, 8.25],
			"rotation": {"angle": 22.5, "axis": "x", "origin": [8.3, 11.25, 3.5]},
			"faces": {
				"north": {"uv": [5, 8, 6, 9], "texture": "#0"},
				"east": {"uv": [5, 8, 6, 9], "texture": "#0"},
				"south": {"uv": [5, 8, 6, 9], "texture": "#0"},
				"west": {"uv": [5, 8, 6, 9], "texture": "#0"},
				"up": {"uv": [5, 8, 6, 9], "texture": "#0"},
				"down": {"uv": [5, 8, 6, 9], "texture": "#0"}
			}
		},
		{
			"name": "crystal",
			"from": [8.3, 15.25, 7.5],
			"to": [9.05, 15.75, 8.25],
			"rotation": {"angle": 22.5, "axis": "x", "origin": [8.3, 11.25, 3.5]},
			"faces": {
				"north": {"uv": [5, 7, 6, 8], "texture": "#0"},
				"east": {"uv": [5, 7, 6, 8], "texture": "#0"},
				"south": {"uv": [5, 7, 6, 8], "texture": "#0"},
				"west": {"uv": [5, 7, 6, 8], "texture": "#0"},
				"up": {"uv": [5, 7, 6, 8], "texture": "#0"},
				"down": {"uv": [5, 7, 6, 8], "texture": "#0"}
			}
		},
		{
			"name": "crystal",
			"from": [8.3, 14.75, 7.5],
			"to": [9.05, 15.25, 8.25],
			"rotation": {"angle": 22.5, "axis": "x", "origin": [8.3, 11.25, 3.5]},
			"faces": {
				"north": {"uv": [6, 7, 7, 8], "texture": "#0"},
				"east": {"uv": [6, 7, 7, 8], "texture": "#0"},
				"south": {"uv": [6, 7, 7, 8], "texture": "#0"},
				"west": {"uv": [6, 7, 7, 8], "texture": "#0"},
				"up": {"uv": [6, 7, 7, 8], "texture": "#0"},
				"down": {"uv": [6, 7, 7, 8], "texture": "#0"}
			}
		},
		{
			"name": "crystal",
			"from": [8.3, 13.25, 7.5],
			"to": [9.05, 14.75, 8.25],
			"rotation": {"angle": 22.5, "axis": "x", "origin": [8.3, 11.25, 3.5]},
			"faces": {
				"north": {"uv": [6, 8, 7, 9], "texture": "#0"},
				"east": {"uv": [6, 8, 7, 9], "texture": "#0"},
				"south": {"uv": [6, 8, 7, 9], "texture": "#0"},
				"west": {"uv": [6, 8, 7, 9], "texture": "#0"},
				"up": {"uv": [6, 8, 7, 9], "texture": "#0"},
				"down": {"uv": [6, 8, 7, 9], "texture": "#0"}
			}
		},
		{
			"name": "crystal",
			"from": [8.55, 14.25, 4.5],
			"to": [9.3, 15, 5.25],
			"rotation": {"angle": 22.5, "axis": "x", "origin": [8.55, 9.75, 0.5]},
			"faces": {
				"north": {"uv": [5, 8, 6, 9], "texture": "#0"},
				"east": {"uv": [5, 8, 6, 9], "texture": "#0"},
				"south": {"uv": [5, 8, 6, 9], "texture": "#0"},
				"west": {"uv": [5, 8, 6, 9], "texture": "#0"},
				"up": {"uv": [5, 8, 6, 9], "texture": "#0"},
				"down": {"uv": [5, 8, 6, 9], "texture": "#0"}
			}
		},
		{
			"name": "crystal",
			"from": [8.55, 13.75, 4.5],
			"to": [9.3, 14.25, 5.25],
			"rotation": {"angle": 22.5, "axis": "x", "origin": [8.55, 9.75, 0.5]},
			"faces": {
				"north": {"uv": [5, 7, 6, 8], "texture": "#0"},
				"east": {"uv": [5, 7, 6, 8], "texture": "#0"},
				"south": {"uv": [5, 7, 6, 8], "texture": "#0"},
				"west": {"uv": [5, 7, 6, 8], "texture": "#0"},
				"up": {"uv": [5, 7, 6, 8], "texture": "#0"},
				"down": {"uv": [5, 7, 6, 8], "texture": "#0"}
			}
		},
		{
			"name": "crystal",
			"from": [8.55, 13.25, 4.5],
			"to": [9.3, 13.75, 5.25],
			"rotation": {"angle": 22.5, "axis": "x", "origin": [8.55, 9.75, 0.5]},
			"faces": {
				"north": {"uv": [6, 7, 7, 8], "texture": "#0"},
				"east": {"uv": [6, 7, 7, 8], "texture": "#0"},
				"south": {"uv": [6, 7, 7, 8], "texture": "#0"},
				"west": {"uv": [6, 7, 7, 8], "texture": "#0"},
				"up": {"uv": [6, 7, 7, 8], "texture": "#0"},
				"down": {"uv": [6, 7, 7, 8], "texture": "#0"}
			}
		},
		{
			"name": "crystal",
			"from": [8.55, 11.75, 4.5],
			"to": [9.3, 13.25, 5.25],
			"rotation": {"angle": 22.5, "axis": "x", "origin": [8.55, 9.75, 0.5]},
			"faces": {
				"north": {"uv": [6, 8, 7, 9], "texture": "#0"},
				"east": {"uv": [6, 8, 7, 9], "texture": "#0"},
				"south": {"uv": [6, 8, 7, 9], "texture": "#0"},
				"west": {"uv": [6, 8, 7, 9], "texture": "#0"},
				"up": {"uv": [6, 8, 7, 9], "texture": "#0"},
				"down": {"uv": [6, 8, 7, 9], "texture": "#0"}
			}
		},
		{
			"name": "crystal",
			"from": [6.8, 13.5, 3.25],
			"to": [7.55, 14.25, 4],
			"rotation": {"angle": 22.5, "axis": "x", "origin": [6.8, 9, -0.75]},
			"faces": {
				"north": {"uv": [5, 8, 6, 9], "texture": "#0"},
				"east": {"uv": [5, 8, 6, 9], "texture": "#0"},
				"south": {"uv": [5, 8, 6, 9], "texture": "#0"},
				"west": {"uv": [5, 8, 6, 9], "texture": "#0"},
				"up": {"uv": [5, 8, 6, 9], "texture": "#0"},
				"down": {"uv": [5, 8, 6, 9], "texture": "#0"}
			}
		},
		{
			"name": "crystal",
			"from": [6.8, 13, 3.25],
			"to": [7.55, 13.5, 4],
			"rotation": {"angle": 22.5, "axis": "x", "origin": [6.8, 9, -0.75]},
			"faces": {
				"north": {"uv": [5, 7, 6, 8], "texture": "#0"},
				"east": {"uv": [5, 7, 6, 8], "texture": "#0"},
				"south": {"uv": [5, 7, 6, 8], "texture": "#0"},
				"west": {"uv": [5, 7, 6, 8], "texture": "#0"},
				"up": {"uv": [5, 7, 6, 8], "texture": "#0"},
				"down": {"uv": [5, 7, 6, 8], "texture": "#0"}
			}
		},
		{
			"name": "crystal",
			"from": [6.8, 12.5, 3.25],
			"to": [7.55, 13, 4],
			"rotation": {"angle": 22.5, "axis": "x", "origin": [6.8, 9, -0.75]},
			"faces": {
				"north": {"uv": [6, 7, 7, 8], "texture": "#0"},
				"east": {"uv": [6, 7, 7, 8], "texture": "#0"},
				"south": {"uv": [6, 7, 7, 8], "texture": "#0"},
				"west": {"uv": [6, 7, 7, 8], "texture": "#0"},
				"up": {"uv": [6, 7, 7, 8], "texture": "#0"},
				"down": {"uv": [6, 7, 7, 8], "texture": "#0"}
			}
		},
		{
			"name": "crystal",
			"from": [6.8, 11, 3.25],
			"to": [7.55, 12.5, 4],
			"rotation": {"angle": 22.5, "axis": "x", "origin": [6.8, 9, -0.75]},
			"faces": {
				"north": {"uv": [6, 8, 7, 9], "texture": "#0"},
				"east": {"uv": [6, 8, 7, 9], "texture": "#0"},
				"south": {"uv": [6, 8, 7, 9], "texture": "#0"},
				"west": {"uv": [6, 8, 7, 9], "texture": "#0"},
				"up": {"uv": [6, 8, 7, 9], "texture": "#0"},
				"down": {"uv": [6, 8, 7, 9], "texture": "#0"}
			}
		},
		{
			"name": "crystal",
			"from": [6.8, 16.5, 9.75],
			"to": [7.55, 17.25, 10.5],
			"rotation": {"angle": 22.5, "axis": "x", "origin": [6.8, 12, 5.75]},
			"faces": {
				"north": {"uv": [5, 8, 6, 9], "texture": "#0"},
				"east": {"uv": [5, 8, 6, 9], "texture": "#0"},
				"south": {"uv": [5, 8, 6, 9], "texture": "#0"},
				"west": {"uv": [5, 8, 6, 9], "texture": "#0"},
				"up": {"uv": [5, 8, 6, 9], "texture": "#0"},
				"down": {"uv": [5, 8, 6, 9], "texture": "#0"}
			}
		},
		{
			"name": "crystal",
			"from": [6.8, 16, 9.75],
			"to": [7.55, 16.5, 10.5],
			"rotation": {"angle": 22.5, "axis": "x", "origin": [6.8, 12, 5.75]},
			"faces": {
				"north": {"uv": [5, 7, 6, 8], "texture": "#0"},
				"east": {"uv": [5, 7, 6, 8], "texture": "#0"},
				"south": {"uv": [5, 7, 6, 8], "texture": "#0"},
				"west": {"uv": [5, 7, 6, 8], "texture": "#0"},
				"up": {"uv": [5, 7, 6, 8], "texture": "#0"},
				"down": {"uv": [5, 7, 6, 8], "texture": "#0"}
			}
		},
		{
			"name": "crystal",
			"from": [6.8, 15.5, 9.75],
			"to": [7.55, 16, 10.5],
			"rotation": {"angle": 22.5, "axis": "x", "origin": [6.8, 12, 5.75]},
			"faces": {
				"north": {"uv": [6, 7, 7, 8], "texture": "#0"},
				"east": {"uv": [6, 7, 7, 8], "texture": "#0"},
				"south": {"uv": [6, 7, 7, 8], "texture": "#0"},
				"west": {"uv": [6, 7, 7, 8], "texture": "#0"},
				"up": {"uv": [6, 7, 7, 8], "texture": "#0"},
				"down": {"uv": [6, 7, 7, 8], "texture": "#0"}
			}
		},
		{
			"name": "crystal",
			"from": [6.8, 14, 9.75],
			"to": [7.55, 15.5, 10.5],
			"rotation": {"angle": 22.5, "axis": "x", "origin": [6.8, 12, 5.75]},
			"faces": {
				"north": {"uv": [6, 8, 7, 9], "texture": "#0"},
				"east": {"uv": [6, 8, 7, 9], "texture": "#0"},
				"south": {"uv": [6, 8, 7, 9], "texture": "#0"},
				"west": {"uv": [6, 8, 7, 9], "texture": "#0"},
				"up": {"uv": [6, 8, 7, 9], "texture": "#0"},
				"down": {"uv": [6, 8, 7, 9], "texture": "#0"}
			}
		},
		{
			"name": "crystal",
			"from": [6.8, 15.25, 6.75],
			"to": [7.55, 16, 7.5],
			"rotation": {"angle": 22.5, "axis": "x", "origin": [6.8, 10.75, 2.75]},
			"faces": {
				"north": {"uv": [5, 8, 6, 9], "texture": "#0"},
				"east": {"uv": [5, 8, 6, 9], "texture": "#0"},
				"south": {"uv": [5, 8, 6, 9], "texture": "#0"},
				"west": {"uv": [5, 8, 6, 9], "texture": "#0"},
				"up": {"uv": [5, 8, 6, 9], "texture": "#0"},
				"down": {"uv": [5, 8, 6, 9], "texture": "#0"}
			}
		},
		{
			"name": "crystal",
			"from": [6.8, 14.75, 6.75],
			"to": [7.55, 15.25, 7.5],
			"rotation": {"angle": 22.5, "axis": "x", "origin": [6.8, 10.75, 2.75]},
			"faces": {
				"north": {"uv": [5, 7, 6, 8], "texture": "#0"},
				"east": {"uv": [5, 7, 6, 8], "texture": "#0"},
				"south": {"uv": [5, 7, 6, 8], "texture": "#0"},
				"west": {"uv": [5, 7, 6, 8], "texture": "#0"},
				"up": {"uv": [5, 7, 6, 8], "texture": "#0"},
				"down": {"uv": [5, 7, 6, 8], "texture": "#0"}
			}
		},
		{
			"name": "crystal",
			"from": [6.8, 14.25, 6.75],
			"to": [7.55, 14.75, 7.5],
			"rotation": {"angle": 22.5, "axis": "x", "origin": [6.8, 10.75, 2.75]},
			"faces": {
				"north": {"uv": [6, 7, 7, 8], "texture": "#0"},
				"east": {"uv": [6, 7, 7, 8], "texture": "#0"},
				"south": {"uv": [6, 7, 7, 8], "texture": "#0"},
				"west": {"uv": [6, 7, 7, 8], "texture": "#0"},
				"up": {"uv": [6, 7, 7, 8], "texture": "#0"},
				"down": {"uv": [6, 7, 7, 8], "texture": "#0"}
			}
		},
		{
			"name": "crystal",
			"from": [6.8, 12.75, 6.75],
			"to": [7.55, 14.25, 7.5],
			"rotation": {"angle": 22.5, "axis": "x", "origin": [6.8, 10.75, 2.75]},
			"faces": {
				"north": {"uv": [6, 8, 7, 9], "texture": "#0"},
				"east": {"uv": [6, 8, 7, 9], "texture": "#0"},
				"south": {"uv": [6, 8, 7, 9], "texture": "#0"},
				"west": {"uv": [6, 8, 7, 9], "texture": "#0"},
				"up": {"uv": [6, 8, 7, 9], "texture": "#0"},
				"down": {"uv": [6, 8, 7, 9], "texture": "#0"}
			}
		}
	],
	"display": {
		"thirdperson_righthand": {
			"rotation": [-7, -2, -3],
			"translation": [0, -2, -2],
			"scale": [0.7, 0.7, 0.7]
		},
		"thirdperson_lefthand": {
			"rotation": [-7, 1, 1],
			"translation": [-12, -1.5, -2],
			"scale": [0.7, 0.7, 0.7]
		},
		"firstperson_righthand": {
			"rotation": [0, -2, 0],
			"translation": [0, 5, 0],
			"scale": [0.7, 0.7, 0.7]
		},
		"firstperson_lefthand": {
			"rotation": [0, 0, 0],
			"translation": [-15.5, 1.5, 1]
		},
		"gui": {
			"rotation": [44, -50, 13],
			"translation": [-1, 2, 2.5],
			"scale": [0.8, 0.8, 0.8]
		},
		"ground": {
			"rotation": [0, 0, -23],
			"translation": [3.59, -0.94, 6.05]
		},
		"fixed": {
			"rotation": [-1, 3, -41],
			"translation": [12.28, 3.4, 10.39],
			"scale": [3.37, 3.37, 3.4]
		}
	},
	"groups": [0, 1, 2, 3, 4, 5, 6, 7, 8, 9, 10, 11, 12, 13, 14,
		{
			"name": "group",
			"shade": true,
			"display": {
				"visibility": true,
				"autouv": true
			},
			"children": [15, 16, 17, 18]
		},
		{
			"name": "group",
			"shade": true,
			"display": {
				"visibility": true,
				"autouv": true
			},
			"children": [19, 20, 21, 22]
		},
		{
			"name": "group",
			"shade": true,
			"display": {
				"visibility": true,
				"autouv": true
			},
			"children": [23, 24, 25, 26]
		},
		{
			"name": "group",
			"shade": true,
			"display": {
				"visibility": true,
				"autouv": true
			},
			"children": [27, 28, 29, 30]
		},
		{
			"name": "group",
			"shade": true,
			"display": {
				"visibility": true,
				"autouv": true
			},
			"children": [31, 32, 33, 34]
		},
		{
			"name": "group",
			"shade": true,
			"display": {
				"visibility": true,
				"autouv": true
			},
			"children": [35, 36, 37, 38]
		},
		{
			"name": "group",
			"shade": true,
			"display": {
				"visibility": true,
				"autouv": true
			},
			"children": [39, 40, 41, 42]
		},
		{
			"name": "group",
			"shade": true,
			"display": {
				"visibility": true,
				"autouv": true
			},
			"children": [43, 44, 45, 46]
		},
		{
			"name": "group",
			"shade": true,
			"display": {
				"visibility": true,
				"autouv": true
			},
			"children": [47, 48, 49, 50]
		},
		{
			"name": "group",
			"shade": true,
			"display": {
				"visibility": true,
				"autouv": true
			},
			"children": [51, 52, 53, 54]
		},
		{
			"name": "group",
			"shade": true,
			"display": {
				"visibility": true,
				"autouv": true
			},
			"children": [55, 56, 57, 58]
		},
		{
			"name": "group",
			"shade": true,
			"display": {
				"visibility": true,
				"autouv": true
			},
			"children": [59, 60, 61, 62]
		}
	]
}