{
	"credit": "Made with Blockbench, a free, modern block model editor by JannisX11",
	"textures": {
		"0": "items/rgbsheet1",
		"1": "items/glasspanetexture",
		"2": "items/freediamondstext",
		"3": "items/qavassets1",
		"particle": "items/rgbsheet1"
	},
	"elements": [
		{
			"from": [-0.01, 1, 4.75],
			"to": [0.24, 18.25, 5.5],
			"faces": {
				"north": {"uv": [15, 14, 16, 15], "texture": "#0"},
				"east": {"uv": [15, 14, 16, 15], "texture": "#0"},
				"south": {"uv": [15, 14, 16, 15], "texture": "#0"},
				"west": {"uv": [15, 14, 16, 15], "texture": "#0"},
				"up": {"uv": [15, 14, 16, 15], "texture": "#0"},
				"down": {"uv": [15, 14, 16, 15], "texture": "#0"}
			}
		},
		{
			"from": [15.75, 1, 4.75],
			"to": [16, 18.25, 5.5],
			"faces": {
				"north": {"uv": [15, 14, 16, 15], "texture": "#0"},
				"east": {"uv": [15, 14, 16, 15], "texture": "#0"},
				"south": {"uv": [15, 14, 16, 15], "texture": "#0"},
				"west": {"uv": [15, 14, 16, 15], "texture": "#0"},
				"up": {"uv": [15, 14, 16, 15], "texture": "#0"},
				"down": {"uv": [15, 14, 16, 15], "texture": "#0"}
			}
		},
		{
			"from": [-0.01, 1, -4.5],
			"to": [0.24, 11.75, 4.75],
			"faces": {
				"north": {"uv": [15, 14, 16, 15], "texture": "#0"},
				"east": {"uv": [15, 14, 16, 15], "texture": "#0"},
				"south": {"uv": [15, 14, 16, 15], "texture": "#0"},
				"west": {"uv": [15, 14, 16, 15], "texture": "#0"},
				"up": {"uv": [15, 14, 16, 15], "texture": "#0"},
				"down": {"uv": [15, 14, 16, 15], "texture": "#0"}
			}
		},
		{
			"from": [15.75, 1, -4.5],
			"to": [16, 11.75, 4.75],
			"faces": {
				"north": {"uv": [15, 14, 16, 15], "texture": "#0"},
				"east": {"uv": [15, 14, 16, 15], "texture": "#0"},
				"south": {"uv": [15, 14, 16, 15], "texture": "#0"},
				"west": {"uv": [15, 14, 16, 15], "texture": "#0"},
				"up": {"uv": [15, 14, 16, 15], "texture": "#0"},
				"down": {"uv": [15, 14, 16, 15], "texture": "#0"}
			}
		},
		{
			"from": [0, 18, -1.25],
			"to": [16, 18.75, 27.5],
			"faces": {
				"north": {"uv": [15, 14, 16, 15], "texture": "#0"},
				"east": {"uv": [15, 14, 16, 15], "texture": "#0"},
				"south": {"uv": [15, 14, 16, 15], "texture": "#0"},
				"west": {"uv": [15, 14, 16, 15], "texture": "#0"},
				"up": {"uv": [15, 14, 16, 15], "texture": "#0"},
				"down": {"uv": [15, 14, 16, 15], "texture": "#0"}
			}
		},
		{
			"from": [14, 10, -4.25],
			"to": [16, 19, -3.75],
			"rotation": {"angle": 22.5, "axis": "x", "origin": [22, 11.5, -4]},
			"faces": {
				"north": {"uv": [15, 14, 16, 15], "texture": "#0"},
				"east": {"uv": [15, 14, 16, 15], "texture": "#0", "rotation": 180},
				"south": {"uv": [15, 14, 16, 15], "texture": "#0", "rotation": 180},
				"west": {"uv": [15, 14, 16, 15], "texture": "#0", "rotation": 180},
				"up": {"uv": [15, 14, 16, 15], "texture": "#0", "rotation": 180},
				"down": {"uv": [15, 14, 16, 15], "texture": "#0", "rotation": 180}
			}
		},
		{
			"from": [0, 10, -4.25],
			"to": [2, 19, -3.75],
			"rotation": {"angle": 22.5, "axis": "x", "origin": [8, 11.5, -4]},
			"faces": {
				"north": {"uv": [15, 14, 16, 15], "texture": "#0"},
				"east": {"uv": [15, 14, 16, 15], "texture": "#0", "rotation": 180},
				"south": {"uv": [15, 14, 16, 15], "texture": "#0", "rotation": 180},
				"west": {"uv": [15, 14, 16, 15], "texture": "#0", "rotation": 180},
				"up": {"uv": [15, 14, 16, 15], "texture": "#0", "rotation": 180},
				"down": {"uv": [15, 14, 16, 15], "texture": "#0", "rotation": 180}
			}
		},
		{
			"from": [0, 6.25, -6.25],
			"to": [16, 10.75, -4],
			"faces": {
				"north": {"uv": [15, 14, 16, 15], "texture": "#0"},
				"east": {"uv": [15, 14, 16, 15], "texture": "#0"},
				"south": {"uv": [15, 14, 16, 15], "texture": "#0"},
				"west": {"uv": [15, 14, 16, 15], "texture": "#0"},
				"up": {"uv": [15, 14, 16, 15], "texture": "#0"},
				"down": {"uv": [15, 14, 16, 15], "texture": "#0"}
			}
		},
		{
			"from": [5.25, 5.75, -4.75],
			"to": [9, 7.25, -3.25],
			"faces": {
				"north": {"uv": [15, 14, 16, 15], "texture": "#0"},
				"east": {"uv": [15, 14, 16, 15], "texture": "#0"},
				"south": {"uv": [15, 14, 16, 15], "texture": "#0"},
				"west": {"uv": [15, 14, 16, 15], "texture": "#0"},
				"up": {"uv": [15, 14, 16, 15], "texture": "#0"},
				"down": {"uv": [15, 14, 16, 15], "texture": "#0"}
			}
		},
		{
			"from": [1.5, 8, -15.5],
			"to": [14.75, 10, -3.75],
			"faces": {
				"north": {"uv": [15, 14, 16, 15], "texture": "#0"},
				"east": {"uv": [15, 14, 16, 15], "texture": "#0"},
				"south": {"uv": [15, 14, 16, 15], "texture": "#0"},
				"west": {"uv": [15, 14, 16, 15], "texture": "#0"},
				"up": {"uv": [15, 14, 16, 15], "texture": "#0"},
				"down": {"uv": [15, 14, 16, 15], "texture": "#0"}
			}
		},
		{
			"from": [1, 3.25, -15.5],
			"to": [15, 8, -4],
			"faces": {
				"north": {"uv": [4, 12, 16, 16], "texture": "#3"},
				"east": {"uv": [15, 14, 16, 15], "texture": "#0"},
				"south": {"uv": [15, 14, 16, 15], "texture": "#0"},
				"west": {"uv": [15, 14, 16, 15], "texture": "#0"},
				"up": {"uv": [15, 14, 16, 15], "texture": "#0"},
				"down": {"uv": [15, 14, 16, 15], "texture": "#0"}
			}
		},
		{
			"from": [0, 0.75, -6],
			"to": [16, 3.75, -3.75],
			"faces": {
				"north": {"uv": [15, 14, 16, 15], "texture": "#0"},
				"east": {"uv": [15, 14, 16, 15], "texture": "#0"},
				"south": {"uv": [15, 14, 16, 15], "texture": "#0"},
				"west": {"uv": [15, 14, 16, 15], "texture": "#0"},
				"up": {"uv": [15, 14, 16, 15], "texture": "#0"},
				"down": {"uv": [15, 14, 16, 15], "texture": "#0"}
			}
		},
		{
			"from": [0, 4, -15],
			"to": [16, 7, -12.75],
			"faces": {
				"north": {"uv": [15, 14, 16, 15], "texture": "#0"},
				"east": {"uv": [15, 14, 16, 15], "texture": "#0"},
				"south": {"uv": [15, 14, 16, 15], "texture": "#0"},
				"west": {"uv": [15, 14, 16, 15], "texture": "#0"},
				"up": {"uv": [15, 14, 16, 15], "texture": "#0"},
				"down": {"uv": [15, 14, 16, 15], "texture": "#0"}
			}
		},
		{
			"from": [-0.01, 13.75, 27.5],
			"to": [0.24, 16.25, 28.5],
			"faces": {
				"north": {"uv": [15, 14, 16, 15], "texture": "#0"},
				"east": {"uv": [15, 14, 16, 15], "texture": "#0"},
				"south": {"uv": [15, 14, 16, 15], "texture": "#0"},
				"west": {"uv": [15, 14, 16, 15], "texture": "#0"},
				"up": {"uv": [15, 14, 16, 15], "texture": "#0"},
				"down": {"uv": [15, 14, 16, 15], "texture": "#0"}
			}
		},
		{
			"from": [-0.01, 1, 27.5],
			"to": [0.24, 13.75, 29.5],
			"faces": {
				"north": {"uv": [15, 14, 16, 15], "texture": "#0"},
				"east": {"uv": [15, 14, 16, 15], "texture": "#0"},
				"south": {"uv": [15, 14, 16, 15], "texture": "#0"},
				"west": {"uv": [15, 14, 16, 15], "texture": "#0"},
				"up": {"uv": [15, 14, 16, 15], "texture": "#0"},
				"down": {"uv": [15, 14, 16, 15], "texture": "#0"}
			}
		},
		{
			"from": [15.75, 13.75, 27.5],
			"to": [16, 16.75, 28.5],
			"faces": {
				"north": {"uv": [15, 14, 16, 15], "texture": "#0"},
				"east": {"uv": [15, 14, 16, 15], "texture": "#0"},
				"south": {"uv": [15, 14, 16, 15], "texture": "#0"},
				"west": {"uv": [15, 14, 16, 15], "texture": "#0"},
				"up": {"uv": [15, 14, 16, 15], "texture": "#0"},
				"down": {"uv": [15, 14, 16, 15], "texture": "#0"}
			}
		},
		{
			"from": [15.75, 1, 27.5],
			"to": [16, 14.25, 29.5],
			"faces": {
				"north": {"uv": [15, 14, 16, 15], "texture": "#0"},
				"east": {"uv": [15, 14, 16, 15], "texture": "#0"},
				"south": {"uv": [15, 14, 16, 15], "texture": "#0"},
				"west": {"uv": [15, 14, 16, 15], "texture": "#0"},
				"up": {"uv": [15, 14, 16, 15], "texture": "#0"},
				"down": {"uv": [15, 14, 16, 15], "texture": "#0"}
			}
		},
		{
			"from": [0, 2.5, -15.25],
			"to": [16, 6.5, -4.5],
			"faces": {
				"north": {"uv": [15, 14, 16, 15], "texture": "#0"},
				"east": {"uv": [15, 14, 16, 15], "texture": "#0"},
				"south": {"uv": [15, 14, 16, 15], "texture": "#0"},
				"west": {"uv": [15, 14, 16, 15], "texture": "#0"},
				"up": {"uv": [15, 14, 16, 15], "texture": "#0"},
				"down": {"uv": [15, 14, 16, 15], "texture": "#0"}
			}
		},
		{
			"from": [0, 1.5, -15.25],
			"to": [16, 2.5, -4],
			"faces": {
				"north": {"uv": [9, 14, 10, 15], "texture": "#0"},
				"east": {"uv": [14, 14, 15, 15], "texture": "#0"},
				"south": {"uv": [9, 14, 10, 15], "texture": "#0"},
				"west": {"uv": [14, 14, 15, 15], "texture": "#0"},
				"up": {"uv": [14, 14, 15, 15], "texture": "#0"},
				"down": {"uv": [14, 14, 15, 15], "texture": "#0"}
			}
		},
		{
			"from": [0, 0.75, -6],
			"to": [16, 1.75, 29.5],
			"faces": {
				"north": {"uv": [15, 14, 16, 15], "texture": "#0"},
				"east": {"uv": [15, 14, 16, 15], "texture": "#0"},
				"south": {"uv": [15, 14, 16, 15], "texture": "#0"},
				"west": {"uv": [15, 14, 16, 15], "texture": "#0"},
				"up": {"uv": [15, 14, 16, 15], "texture": "#0"},
				"down": {"uv": [15, 14, 16, 15], "texture": "#0"}
			}
		},
		{
			"from": [8.5, 1, 0],
			"to": [15.5, 5, 6],
			"faces": {
				"north": {"uv": [0, 4, 4, 8], "texture": "#3"},
				"east": {"uv": [0, 4, 4, 8], "texture": "#3"},
				"south": {"uv": [0, 4, 4, 8], "texture": "#3"},
				"west": {"uv": [0, 4, 4, 8], "texture": "#3"},
				"up": {"uv": [0, 4, 4, 8], "texture": "#3"},
				"down": {"uv": [0, 4, 4, 8], "texture": "#3"}
			}
		},
		{
			"from": [8.5, 1, 6],
			"to": [15.5, 11, 7],
			"faces": {
				"north": {"uv": [0, 4, 4, 8], "texture": "#3"},
				"east": {"uv": [0, 4, 4, 8], "texture": "#3"},
				"south": {"uv": [0, 4, 4, 8], "texture": "#3"},
				"west": {"uv": [0, 4, 4, 8], "texture": "#3"},
				"up": {"uv": [0, 4, 4, 8], "texture": "#3"},
				"down": {"uv": [0, 4, 4, 8], "texture": "#3"}
			}
		},
		{
			"from": [0.75, 1, 9],
			"to": [15.25, 5, 15],
			"faces": {
				"north": {"uv": [0, 4, 4, 8], "texture": "#3"},
				"east": {"uv": [0, 4, 4, 8], "texture": "#3"},
				"south": {"uv": [0, 4, 4, 8], "texture": "#3"},
				"west": {"uv": [0, 4, 4, 8], "texture": "#3"},
				"up": {"uv": [0, 4, 4, 8], "texture": "#3"},
				"down": {"uv": [0, 4, 4, 8], "texture": "#3"}
			}
		},
		{
			"from": [0.75, 1, 15],
			"to": [15.25, 11, 16],
			"faces": {
				"north": {"uv": [0, 4, 4, 8], "texture": "#3"},
				"east": {"uv": [0, 4, 4, 8], "texture": "#3"},
				"south": {"uv": [0, 4, 4, 8], "texture": "#3"},
				"west": {"uv": [0, 4, 4, 8], "texture": "#3"},
				"up": {"uv": [0, 4, 4, 8], "texture": "#3"},
				"down": {"uv": [0, 4, 4, 8], "texture": "#3"}
			}
		},
		{
			"from": [0.75, 1, 0],
			"to": [7.75, 5, 6],
			"faces": {
				"north": {"uv": [0, 4, 4, 8], "texture": "#3"},
				"east": {"uv": [0, 4, 4, 8], "texture": "#3"},
				"south": {"uv": [0, 4, 4, 8], "texture": "#3"},
				"west": {"uv": [0, 4, 4, 8], "texture": "#3"},
				"up": {"uv": [0, 4, 4, 8], "texture": "#3"},
				"down": {"uv": [0, 4, 4, 8], "texture": "#3"}
			}
		},
		{
			"from": [0.75, 1, 6],
			"to": [7.75, 11, 7],
			"faces": {
				"north": {"uv": [0, 4, 4, 8], "texture": "#3"},
				"east": {"uv": [0, 4, 4, 8], "texture": "#3"},
				"south": {"uv": [0, 4, 4, 8], "texture": "#3"},
				"west": {"uv": [0, 4, 4, 8], "texture": "#3"},
				"up": {"uv": [0, 4, 4, 8], "texture": "#3"},
				"down": {"uv": [0, 4, 4, 8], "texture": "#3"}
			}
		},
		{
			"from": [2.5, 6.5, -4.5],
			"to": [3.5, 7.25, -2.5],
			"faces": {
				"north": {"uv": [12, 0, 16, 4], "texture": "#0"},
				"east": {"uv": [12, 0, 16, 4], "texture": "#0"},
				"south": {"uv": [12, 0, 16, 4], "texture": "#0"},
				"west": {"uv": [12, 0, 16, 4], "texture": "#0"},
				"up": {"uv": [12, 0, 16, 4], "texture": "#0"},
				"down": {"uv": [12, 0, 16, 4], "texture": "#0"}
			}
		},
		{
			"from": [1.75, 8.25, -2.5],
			"to": [2, 8.5, -2],
			"faces": {
				"north": {"uv": [12, 0, 16, 4], "texture": "#0"},
				"east": {"uv": [12, 0, 16, 4], "texture": "#0"},
				"south": {"uv": [12, 0, 16, 4], "texture": "#0"},
				"west": {"uv": [12, 0, 16, 4], "texture": "#0"},
				"up": {"uv": [12, 0, 16, 4], "texture": "#0"},
				"down": {"uv": [12, 0, 16, 4], "texture": "#0"}
			}
		},
		{
			"from": [1.5, 6.25, -2.5],
			"to": [1.75, 8.25, -2],
			"faces": {
				"north": {"uv": [12, 0, 16, 4], "texture": "#0"},
				"east": {"uv": [12, 0, 16, 4], "texture": "#0"},
				"south": {"uv": [12, 0, 16, 4], "texture": "#0"},
				"west": {"uv": [12, 0, 16, 4], "texture": "#0"},
				"up": {"uv": [12, 0, 16, 4], "texture": "#0"},
				"down": {"uv": [12, 0, 16, 4], "texture": "#0"}
			}
		},
		{
			"from": [2, 6.5, -2.5],
			"to": [4, 8, -2],
			"faces": {
				"north": {"uv": [12, 0, 16, 4], "texture": "#0"},
				"east": {"uv": [12, 0, 16, 4], "texture": "#0"},
				"south": {"uv": [12, 0, 16, 4], "texture": "#0"},
				"west": {"uv": [12, 0, 16, 4], "texture": "#0"},
				"up": {"uv": [12, 0, 16, 4], "texture": "#0"},
				"down": {"uv": [12, 0, 16, 4], "texture": "#0"}
			}
		},
		{
			"from": [2, 5.75, -2.5],
			"to": [4, 6, -2],
			"faces": {
				"north": {"uv": [12, 0, 16, 4], "texture": "#0"},
				"east": {"uv": [12, 0, 16, 4], "texture": "#0"},
				"south": {"uv": [12, 0, 16, 4], "texture": "#0"},
				"west": {"uv": [12, 0, 16, 4], "texture": "#0"},
				"up": {"uv": [12, 0, 16, 4], "texture": "#0"},
				"down": {"uv": [12, 0, 16, 4], "texture": "#0"}
			}
		},
		{
			"from": [1.75, 6, -2.5],
			"to": [2, 6.25, -2],
			"faces": {
				"north": {"uv": [12, 0, 16, 4], "texture": "#0"},
				"east": {"uv": [12, 0, 16, 4], "texture": "#0"},
				"south": {"uv": [12, 0, 16, 4], "texture": "#0"},
				"west": {"uv": [12, 0, 16, 4], "texture": "#0"},
				"up": {"uv": [12, 0, 16, 4], "texture": "#0"},
				"down": {"uv": [12, 0, 16, 4], "texture": "#0"}
			}
		},
		{
			"from": [4, 6, -2.5],
			"to": [4.25, 6.25, -2],
			"faces": {
				"north": {"uv": [12, 0, 16, 4], "texture": "#0"},
				"east": {"uv": [12, 0, 16, 4], "texture": "#0"},
				"south": {"uv": [12, 0, 16, 4], "texture": "#0"},
				"west": {"uv": [12, 0, 16, 4], "texture": "#0"},
				"up": {"uv": [12, 0, 16, 4], "texture": "#0"},
				"down": {"uv": [12, 0, 16, 4], "texture": "#0"}
			}
		},
		{
			"from": [4.25, 6.25, -2.5],
			"to": [4.5, 8.25, -2],
			"faces": {
				"north": {"uv": [12, 0, 16, 4], "texture": "#0"},
				"east": {"uv": [12, 0, 16, 4], "texture": "#0"},
				"south": {"uv": [12, 0, 16, 4], "texture": "#0"},
				"west": {"uv": [12, 0, 16, 4], "texture": "#0"},
				"up": {"uv": [12, 0, 16, 4], "texture": "#0"},
				"down": {"uv": [12, 0, 16, 4], "texture": "#0"}
			}
		},
		{
			"from": [4, 8.25, -2.5],
			"to": [4.25, 8.5, -2],
			"faces": {
				"north": {"uv": [12, 0, 16, 4], "texture": "#0"},
				"east": {"uv": [12, 0, 16, 4], "texture": "#0"},
				"south": {"uv": [12, 0, 16, 4], "texture": "#0"},
				"west": {"uv": [12, 0, 16, 4], "texture": "#0"},
				"up": {"uv": [12, 0, 16, 4], "texture": "#0"},
				"down": {"uv": [12, 0, 16, 4], "texture": "#0"}
			}
		},
		{
			"from": [2, 8.5, -2.5],
			"to": [4, 8.75, -2],
			"faces": {
				"north": {"uv": [12, 0, 16, 4], "texture": "#0"},
				"east": {"uv": [12, 0, 16, 4], "texture": "#0"},
				"south": {"uv": [12, 0, 16, 4], "texture": "#0"},
				"west": {"uv": [12, 0, 16, 4], "texture": "#0"},
				"up": {"uv": [12, 0, 16, 4], "texture": "#0"},
				"down": {"uv": [12, 0, 16, 4], "texture": "#0"}
			}
		},
		{
			"from": [15.25, 3.5, 31.75],
			"to": [16, 7.25, 31.75],
			"faces": {
				"north": {"uv": [4, 6, 5, 7], "texture": "#0"},
				"east": {"uv": [4, 6, 5, 7], "texture": "#0"},
				"south": {"uv": [4, 6, 5, 7], "texture": "#0"},
				"west": {"uv": [4, 6, 5, 7], "texture": "#0"},
				"up": {"uv": [4, 6, 5, 7], "texture": "#0"},
				"down": {"uv": [4, 6, 5, 7], "texture": "#0"}
			}
		},
		{
			"from": [14, 10.75, 30],
			"to": [16, 19.25, 30.5],
			"rotation": {"angle": -22.5, "axis": "x", "origin": [22, 11.5, 30.25]},
			"faces": {
				"north": {"uv": [15, 14, 16, 15], "texture": "#0", "rotation": 180},
				"east": {"uv": [15, 14, 16, 15], "texture": "#0", "rotation": 90},
				"south": {"uv": [15, 14, 16, 15], "texture": "#0"},
				"west": {"uv": [15, 14, 16, 15], "texture": "#0", "rotation": 270},
				"up": {"uv": [15, 14, 16, 15], "texture": "#0"},
				"down": {"uv": [15, 14, 16, 15], "texture": "#0", "rotation": 180}
			}
		},
		{
			"from": [2, 10.75, 30],
			"to": [14, 19.25, 30.5],
			"rotation": {"angle": -22.5, "axis": "x", "origin": [20, 11.5, 30.25]},
			"faces": {
				"north": {"uv": [12, 14, 13, 15], "texture": "#0", "rotation": 180},
				"east": {"uv": [12, 14, 13, 15], "texture": "#0", "rotation": 90},
				"south": {"uv": [12, 14, 13, 15], "texture": "#0"},
				"west": {"uv": [12, 14, 13, 15], "texture": "#0", "rotation": 270},
				"up": {"uv": [12, 14, 13, 15], "texture": "#0"},
				"down": {"uv": [12, 14, 13, 15], "texture": "#0", "rotation": 180}
			}
		},
		{
			"from": [0, 10.75, 30],
			"to": [2, 19.25, 30.5],
			"rotation": {"angle": -22.5, "axis": "x", "origin": [8, 11.5, 30.25]},
			"faces": {
				"north": {"uv": [15, 14, 16, 15], "texture": "#0", "rotation": 180},
				"east": {"uv": [15, 14, 16, 15], "texture": "#0", "rotation": 90},
				"south": {"uv": [15, 14, 16, 15], "texture": "#0"},
				"west": {"uv": [15, 14, 16, 15], "texture": "#0", "rotation": 270},
				"up": {"uv": [15, 14, 16, 15], "texture": "#0"},
				"down": {"uv": [15, 14, 16, 15], "texture": "#0", "rotation": 180}
			}
		},
		{
			"from": [0, 1, 29],
			"to": [16, 11, 31.5],
			"faces": {
				"north": {"uv": [15, 14, 16, 15], "texture": "#0"},
				"east": {"uv": [15, 14, 16, 15], "texture": "#0"},
				"south": {"uv": [15, 14, 16, 15], "texture": "#0"},
				"west": {"uv": [15, 14, 16, 15], "texture": "#0"},
				"up": {"uv": [15, 14, 16, 15], "texture": "#0"},
				"down": {"uv": [15, 14, 16, 15], "texture": "#0"}
			}
		},
		{
			"from": [0, 3.5, 31.75],
			"to": [0.75, 7.25, 31.75],
			"faces": {
				"north": {"uv": [4, 6, 5, 7], "texture": "#0"},
				"east": {"uv": [4, 6, 5, 7], "texture": "#0"},
				"south": {"uv": [4, 6, 5, 7], "texture": "#0"},
				"west": {"uv": [4, 6, 5, 7], "texture": "#0"},
				"up": {"uv": [4, 6, 5, 7], "texture": "#0"},
				"down": {"uv": [4, 6, 5, 7], "texture": "#0"}
			}
		},
		{
			"from": [0, 0.25, 31.5],
			"to": [15.75, 2, 31.75],
			"faces": {
				"north": {"uv": [9, 14, 10, 15], "texture": "#0"},
				"east": {"uv": [9, 14, 10, 15], "texture": "#0"},
				"south": {"uv": [9, 14, 10, 15], "texture": "#0"},
				"west": {"uv": [9, 14, 10, 15], "texture": "#0"},
				"up": {"uv": [9, 14, 10, 15], "texture": "#0"},
				"down": {"uv": [9, 14, 10, 15], "texture": "#0"}
			}
		},
		{
			"from": [-0.01, 1, 5.5],
			"to": [0.24, 18.75, 27.5],
			"faces": {
				"north": {"uv": [15, 14, 16, 15], "texture": "#0"},
				"east": {"uv": [15, 14, 16, 15], "texture": "#0"},
				"south": {"uv": [15, 14, 16, 15], "texture": "#0"},
				"west": {"uv": [0, 0, 16, 16], "texture": "#2"},
				"up": {"uv": [0, 0, 4, 8], "texture": "#0"},
				"down": {"uv": [0, 0, 4, 8], "texture": "#0"}
			}
		},
		{
			"from": [15.75, 1, 5.5],
			"to": [16, 18.75, 27.5],
			"faces": {
				"north": {"uv": [15, 14, 16, 15], "texture": "#0"},
				"east": {"uv": [0, 0, 16, 16], "texture": "#2"},
				"south": {"uv": [15, 14, 16, 15], "texture": "#0"},
				"west": {"uv": [15, 14, 16, 15], "texture": "#0"},
				"up": {"uv": [15, 14, 16, 15], "texture": "#0"},
				"down": {"uv": [0, 0, 4, 8], "texture": "#0"}
			}
		},
		{
			"from": [2, 10, -4.25],
			"to": [14, 19, -3.75],
			"rotation": {"angle": 22.5, "axis": "x", "origin": [8, 11.5, -4]},
			"faces": {
				"north": {"uv": [0, 0, 16, 15], "texture": "#1", "rotation": 180},
				"east": {"uv": [0, 0, 16, 15], "texture": "#1", "rotation": 180},
				"south": {"uv": [0, 0, 16, 15], "texture": "#1", "rotation": 180},
				"west": {"uv": [0, 0, 16, 15], "texture": "#1", "rotation": 180},
				"up": {"uv": [0, 0, 16, 15], "texture": "#1", "rotation": 180},
				"down": {"uv": [0, 0, 16, 15], "texture": "#1", "rotation": 180}
			}
		},
		{
			"from": [0, 11.75, -2],
			"to": [0.25, 15.75, 4.75],
			"faces": {
				"north": {"uv": [0, 0, 16, 8], "texture": "#1"},
				"east": {"uv": [0, 0, 16, 8], "texture": "#1"},
				"south": {"uv": [0, 0, 16, 8], "texture": "#1"},
				"west": {"uv": [0, 0, 16, 16], "texture": "#1"},
				"up": {"uv": [0, 0, 16, 8], "texture": "#1"},
				"down": {"uv": [0, 0, 16, 8], "texture": "#1"}
			}
		},
		{
			"from": [15.75, 11.75, -2],
			"to": [16, 15.75, 4.75],
			"faces": {
				"north": {"uv": [0, 0, 16, 8], "texture": "#1"},
				"east": {"uv": [0, 0, 16, 8], "texture": "#1"},
				"south": {"uv": [0, 0, 16, 8], "texture": "#1"},
				"west": {"uv": [0, 0, 16, 16], "texture": "#1"},
				"up": {"uv": [0, 0, 16, 8], "texture": "#1"},
				"down": {"uv": [0, 0, 16, 8], "texture": "#1"}
			}
		},
		{
			"from": [13.25, -2.5, 22.25],
			"to": [16.75, 3.5, 24.75],
			"rotation": {"angle": 0, "axis": "x", "origin": [15, 0.5, 23.5]},
			"faces": {
				"north": {"uv": [0, 12, 4, 16], "texture": "#3", "rotation": 180},
				"east": {"uv": [0, 9, 4, 11], "texture": "#3", "rotation": 90},
				"south": {"uv": [0, 12, 4, 16], "texture": "#3"},
				"west": {"uv": [0, 9, 4, 11], "texture": "#3", "rotation": 270},
				"up": {"uv": [0, 12, 4, 16], "texture": "#3"},
				"down": {"uv": [0, 12, 4, 16], "texture": "#3", "rotation": 180}
			}
		},
		{
			"from": [13.25, -0.75, 20.5],
			"to": [16.75, 1.75, 26.5],
			"rotation": {"angle": -45, "axis": "x", "origin": [15, 0.5, 23.5]},
			"faces": {
				"north": {"uv": [0, 12, 4, 16], "texture": "#3"},
				"east": {"uv": [0, 9, 4, 11], "texture": "#3"},
				"south": {"uv": [0, 12, 4, 16], "texture": "#3"},
				"west": {"uv": [0, 9, 4, 11], "texture": "#3"},
				"up": {"uv": [0, 12, 4, 16], "texture": "#3"},
				"down": {"uv": [0, 12, 4, 16], "texture": "#3"}
			}
		},
		{
			"from": [13.25, -0.75, 20.5],
			"to": [16.75, 1.75, 26.5],
			"rotation": {"angle": 45, "axis": "x", "origin": [15, 0.5, 23.5]},
			"faces": {
				"north": {"uv": [0, 12, 4, 16], "texture": "#3"},
				"east": {"uv": [0, 9, 4, 11], "texture": "#3"},
				"south": {"uv": [0, 12, 4, 16], "texture": "#3"},
				"west": {"uv": [0, 9, 4, 11], "texture": "#3"},
				"up": {"uv": [0, 12, 4, 16], "texture": "#3"},
				"down": {"uv": [0, 12, 4, 16], "texture": "#3"}
			}
		},
		{
			"from": [13.25, -0.75, 20.5],
			"to": [16.75, 1.75, 26.5],
			"rotation": {"angle": 0, "axis": "x", "origin": [15, 0.5, 23.5]},
			"faces": {
				"north": {"uv": [0, 12, 4, 16], "texture": "#3"},
				"east": {"uv": [0, 9, 4, 11], "texture": "#3"},
				"south": {"uv": [0, 12, 4, 16], "texture": "#3"},
				"west": {"uv": [0, 9, 4, 11], "texture": "#3"},
				"up": {"uv": [0, 12, 4, 16], "texture": "#3"},
				"down": {"uv": [0, 12, 4, 16], "texture": "#3"}
			}
		},
		{
			"from": [13.25, -2.5, -10.75],
			"to": [16.75, 3.5, -8.25],
			"rotation": {"angle": 0, "axis": "x", "origin": [15, 0.5, -9.5]},
			"faces": {
				"north": {"uv": [0, 12, 4, 16], "texture": "#3", "rotation": 180},
				"east": {"uv": [0, 9, 4, 11], "texture": "#3", "rotation": 90},
				"south": {"uv": [0, 12, 4, 16], "texture": "#3"},
				"west": {"uv": [0, 9, 4, 11], "texture": "#3", "rotation": 270},
				"up": {"uv": [0, 12, 4, 16], "texture": "#3"},
				"down": {"uv": [0, 12, 4, 16], "texture": "#3", "rotation": 180}
			}
		},
		{
			"from": [13.25, -0.75, -12.5],
			"to": [16.75, 1.75, -6.5],
			"rotation": {"angle": -45, "axis": "x", "origin": [15, 0.5, -9.5]},
			"faces": {
				"north": {"uv": [0, 12, 4, 16], "texture": "#3"},
				"east": {"uv": [0, 9, 4, 11], "texture": "#3"},
				"south": {"uv": [0, 12, 4, 16], "texture": "#3"},
				"west": {"uv": [0, 9, 4, 11], "texture": "#3"},
				"up": {"uv": [0, 12, 4, 16], "texture": "#3"},
				"down": {"uv": [0, 12, 4, 16], "texture": "#3"}
			}
		},
		{
			"from": [13.25, -0.75, -12.5],
			"to": [16.75, 1.75, -6.5],
			"rotation": {"angle": 45, "axis": "x", "origin": [15, 0.5, -9.5]},
			"faces": {
				"north": {"uv": [0, 12, 4, 16], "texture": "#3"},
				"east": {"uv": [0, 9, 4, 11], "texture": "#3"},
				"south": {"uv": [0, 12, 4, 16], "texture": "#3"},
				"west": {"uv": [0, 9, 4, 11], "texture": "#3"},
				"up": {"uv": [0, 12, 4, 16], "texture": "#3"},
				"down": {"uv": [0, 12, 4, 16], "texture": "#3"}
			}
		},
		{
			"from": [13.25, -0.75, -12.5],
			"to": [16.75, 1.75, -6.5],
			"rotation": {"angle": 0, "axis": "x", "origin": [15, 0.5, -9.5]},
			"faces": {
				"north": {"uv": [0, 12, 4, 16], "texture": "#3"},
				"east": {"uv": [0, 9, 4, 11], "texture": "#3"},
				"south": {"uv": [0, 12, 4, 16], "texture": "#3"},
				"west": {"uv": [0, 9, 4, 11], "texture": "#3"},
				"up": {"uv": [0, 12, 4, 16], "texture": "#3"},
				"down": {"uv": [0, 12, 4, 16], "texture": "#3"}
			}
		},
		{
			"from": [-0.75, -2.5, -10.75],
			"to": [2.75, 3.5, -8.25],
			"rotation": {"angle": 0, "axis": "x", "origin": [1, 0.5, -9.5]},
			"faces": {
				"north": {"uv": [0, 12, 4, 16], "texture": "#3", "rotation": 180},
				"east": {"uv": [0, 9, 4, 11], "texture": "#3", "rotation": 90},
				"south": {"uv": [0, 12, 4, 16], "texture": "#3"},
				"west": {"uv": [0, 9, 4, 11], "texture": "#3", "rotation": 270},
				"up": {"uv": [0, 12, 4, 16], "texture": "#3"},
				"down": {"uv": [0, 12, 4, 16], "texture": "#3", "rotation": 180}
			}
		},
		{
			"from": [-0.75, -0.75, -12.5],
			"to": [2.75, 1.75, -6.5],
			"rotation": {"angle": -45, "axis": "x", "origin": [1, 0.5, -9.5]},
			"faces": {
				"north": {"uv": [0, 12, 4, 16], "texture": "#3"},
				"east": {"uv": [0, 9, 4, 11], "texture": "#3"},
				"south": {"uv": [0, 12, 4, 16], "texture": "#3"},
				"west": {"uv": [0, 9, 4, 11], "texture": "#3"},
				"up": {"uv": [0, 12, 4, 16], "texture": "#3"},
				"down": {"uv": [0, 12, 4, 16], "texture": "#3"}
			}
		},
		{
			"from": [-0.75, -0.75, -12.5],
			"to": [2.75, 1.75, -6.5],
			"rotation": {"angle": 45, "axis": "x", "origin": [1, 0.5, -9.5]},
			"faces": {
				"north": {"uv": [0, 12, 4, 16], "texture": "#3"},
				"east": {"uv": [0, 9, 4, 11], "texture": "#3"},
				"south": {"uv": [0, 12, 4, 16], "texture": "#3"},
				"west": {"uv": [0, 9, 4, 11], "texture": "#3"},
				"up": {"uv": [0, 12, 4, 16], "texture": "#3"},
				"down": {"uv": [0, 12, 4, 16], "texture": "#3"}
			}
		},
		{
			"from": [-0.75, -0.75, -12.5],
			"to": [2.75, 1.75, -6.5],
			"rotation": {"angle": 0, "axis": "x", "origin": [1, 0.5, -9.5]},
			"faces": {
				"north": {"uv": [0, 12, 4, 16], "texture": "#3"},
				"east": {"uv": [0, 9, 4, 11], "texture": "#3"},
				"south": {"uv": [0, 12, 4, 16], "texture": "#3"},
				"west": {"uv": [0, 9, 4, 11], "texture": "#3"},
				"up": {"uv": [0, 12, 4, 16], "texture": "#3"},
				"down": {"uv": [0, 12, 4, 16], "texture": "#3"}
			}
		},
		{
			"from": [-0.75, -2.5, 22.25],
			"to": [2.75, 3.5, 24.75],
			"rotation": {"angle": 0, "axis": "x", "origin": [1, 0.5, 23.5]},
			"faces": {
				"north": {"uv": [0, 12, 4, 16], "texture": "#3", "rotation": 180},
				"east": {"uv": [0, 9, 4, 11], "texture": "#3", "rotation": 90},
				"south": {"uv": [0, 12, 4, 16], "texture": "#3"},
				"west": {"uv": [0, 9, 4, 11], "texture": "#3", "rotation": 270},
				"up": {"uv": [0, 12, 4, 16], "texture": "#3"},
				"down": {"uv": [0, 12, 4, 16], "texture": "#3", "rotation": 180}
			}
		},
		{
			"from": [-0.75, -0.75, 20.5],
			"to": [2.75, 1.75, 26.5],
			"rotation": {"angle": -45, "axis": "x", "origin": [1, 0.5, 23.5]},
			"faces": {
				"north": {"uv": [0, 12, 4, 16], "texture": "#3"},
				"east": {"uv": [0, 9, 4, 11], "texture": "#3"},
				"south": {"uv": [0, 12, 4, 16], "texture": "#3"},
				"west": {"uv": [0, 9, 4, 11], "texture": "#3"},
				"up": {"uv": [0, 12, 4, 16], "texture": "#3"},
				"down": {"uv": [0, 12, 4, 16], "texture": "#3"}
			}
		},
		{
			"from": [-0.75, -0.75, 20.5],
			"to": [2.75, 1.75, 26.5],
			"rotation": {"angle": 45, "axis": "x", "origin": [1, 0.5, 23.5]},
			"faces": {
				"north": {"uv": [0, 12, 4, 16], "texture": "#3"},
				"east": {"uv": [0, 9, 4, 11], "texture": "#3"},
				"south": {"uv": [0, 12, 4, 16], "texture": "#3"},
				"west": {"uv": [0, 9, 4, 11], "texture": "#3"},
				"up": {"uv": [0, 12, 4, 16], "texture": "#3"},
				"down": {"uv": [0, 12, 4, 16], "texture": "#3"}
			}
		},
		{
			"from": [-0.75, -0.75, 20.5],
			"to": [2.75, 1.75, 26.5],
			"rotation": {"angle": 0, "axis": "x", "origin": [1, 0.5, 23.5]},
			"faces": {
				"north": {"uv": [0, 12, 4, 16], "texture": "#3"},
				"east": {"uv": [0, 9, 4, 11], "texture": "#3"},
				"south": {"uv": [0, 12, 4, 16], "texture": "#3"},
				"west": {"uv": [0, 9, 4, 11], "texture": "#3"},
				"up": {"uv": [0, 12, 4, 16], "texture": "#3"},
				"down": {"uv": [0, 12, 4, 16], "texture": "#3"}
			}
		}
	],
	"display": {
		"head": {
			"scale": [4, 4, 4],
			"translation": [15.5, 11, 19]
		},
		"gui": {
			"scale": [0.4, 0.4, 0.4],
			"translation": [1, 0, 0],
			"rotation": [22, 40, 0]
		}
	},
	"groups": [0, 1, 2, 3, 4, 5, 6, 7, 8, 9, 10, 11, 12, 13, 14, 15, 16, 17, 18, 19,
		{
			"name": "chair",
			"isOpen": false,
			"shade": true,
			"display": {
				"visibility": true,
				"autouv": true
			},
			"children": [20, 21]
		},
		{
			"name": "bench",
			"shade": true,
			"display": {
				"visibility": true,
				"autouv": true
			},
			"children": [22, 23]
		},
		{
			"name": "chair",
			"shade": true,
			"display": {
				"visibility": true,
				"autouv": true
			},
			"children": [24, 25]
		},
		{
			"name": "steeringwheel",
			"isOpen": false,
			"shade": true,
			"display": {
				"visibility": true,
				"autouv": true
			},
			"children": [26, 27, 28, 29, 30, 31, 32, 33, 34, 35]
		},
		{
			"name": "group",
			"isOpen": true,
			"shade": true,
			"display": {
				"visibility": true,
				"autouv": true
			},
			"children": [36, 37, 38, 39, 40, 41, 42]
		},
		{
			"name": "group",
			"isOpen": true,
			"shade": true,
			"display": {
				"visibility": true,
				"autouv": true
			},
			"children": [43, 44]
		},
		{
			"name": "group",
			"isOpen": true,
			"shade": true,
			"display": {
				"visibility": true,
				"autouv": true
			},
			"children": [45, 46, 47]
		},
		{
			"name": "group",
			"isOpen": true,
			"shade": true,
			"display": {
				"visibility": true,
				"autouv": true
			},
			"children": [48, 49, 50, 51]
		},
		{
			"name": "group",
			"shade": true,
			"display": {
				"visibility": true,
				"autouv": true
			},
			"children": [52, 53, 54, 55]
		},
		{
			"name": "group",
			"shade": true,
			"display": {
				"visibility": true,
				"autouv": true
			},
			"children": [56, 57, 58, 59]
		},
		{
			"name": "group",
			"shade": true,
			"display": {
				"visibility": true,
				"autouv": true
			},
			"children": [60, 61, 62, 63]
		}
	]
}